#{"t_start": 1786775888.2427084, "env_id": "None"}
r,l,t,cleared_count
2081.152621,720,14.556091,1150
2099.593251,720,40.854743,1389
1479.771359,720,76.003709,1084
2060.505935,720,110.321971,1178
1378.461759,720,143.804983,1080
2160.452016,720,181.610589,1148
1254.605959,720,214.714293,974
3096.31079,720,252.048534,2021
2361.79611,720,288.748107,1465
2323.400514,720,325.099133,1466
2155.307535,720,368.455503,1883
1244.723578,720,401.899894,665
2004.137021,720,434.790098,1385
1443.76425,720,468.075332,1083
2845.619801,720,503.929214,1692
2024.833998,720,537.488946,1172
2203.754699,720,573.018531,1454
2872.814645,720,609.8831,1693
1411.04587,720,645.295544,808
2694.092028,720,682.629944,1718
2348.924161,720,717.495251,1467
2094.043062,720,750.293214,1173
2169.731213,720,784.990168,1262
1739.427918,720,820.546921,1015
2468.543342,720,857.657717,1692
2445.536204,720,894.050751,1546
2668.797927,720,929.912326,1694
2258.092362,720,962.56282,1472
1905.546807,720,995.73874,1381
1398.925352,720,1037.3193,1088
1438.982115,720,1096.880588,1372
2285.204855,720,1159.618708,1467
2945.684132,720,1243.024187,2067
2169.981277,720,1303.824867,1149
2596.294035,720,1374.120169,1561
2791.531111,720,1437.160014,1691
2330.856966,720,1492.082347,1469
1575.355252,720,1546.317471,1088
1262.99188,720,1594.308822,668
1183.400479,720,1644.612892,972
2582.763909,720,1701.947018,1563
2147.814273,720,1755.913773,1149
1463.599469,720,1797.757545,807
2159.084006,720,1851.124818,1149
2339.285867,720,1909.468055,1372
1246.756051,720,1940.22544,668
3375.431782,720,1982.911421,2495
1716.79854,720,2024.550718,1868
2948.68217,720,2060.687821,1892
1788.075622,720,2096.640312,1385
2713.541985,720,2138.313274,1891
1994.605391,720,2172.916054,1191
1304.860227,720,2206.290206,1080
2511.437454,720,2240.349168,1372
2315.625399,720,2273.717487,1473
2607.478194,720,2312.876447,2026
3173.422891,720,2349.985282,2000
2384.049743,720,2385.255213,1547
1466.975128,720,2417.270366,1089
2443.666157,720,2449.269674,1368
1223.811356,720,2481.566864,963
2509.904637,720,2518.445143,1696
2178.554334,720,2557.537022,1546
3042.102538,720,2593.928517,1905
1308.74763,720,2627.679125,1084
1633.877627,720,2667.767365,1856
1683.668343,720,2703.840314,1013
2103.636646,720,2738.272776,1174
1988.291807,720,2769.266227,1170
2158.531185,720,2802.468878,1148
2045.539761,720,2835.081663,1175
1238.670192,720,2870.511274,1084
2226.286035,720,2903.87667,1470
1774.719132,720,2948.57063,1941
2485.591775,720,2989.36419,2035
1242.048021,720,3022.285854,666
2104.395949,720,3058.754501,1262
1401.524613,720,3088.782043,808
2603.153066,720,3123.801877,1694
2227.609617,720,3155.534509,1470
2171.020564,720,3186.815451,1152
2149.393955,720,3212.907291,1149
1118.133063,720,3239.836027,961
2450.135379,720,3269.169915,1386
2704.687672,720,3298.599251,1692
1344.167441,720,3324.665017,976
2324.246509,720,3353.86716,1519
2624.719367,720,3382.832966,1559
1242.797888,720,3408.460299,667
2062.360748,720,3434.782009,1173
1207.761011,720,3462.147491,974
2428.65088,720,3491.298784,1385
3340.158048,720,3522.270733,2058
2011.414443,720,3548.349936,1174
1476.371227,720,3574.214528,808
2918.528305,720,3603.237643,1698
2332.999514,720,3629.134694,1357
2044.622556,720,3655.45481,1173
1392.765491,720,3680.876627,800
1241.38479,720,3705.921432,667
3258.729899,720,3733.680958,1863
1250.28376,720,3760.088285,667
2503.953651,720,3790.923552,2040
1984.410941,720,3817.788322,1386
2531.408311,720,3855.327907,1805
1448.428889,720,3888.485341,808
1426.876275,720,3922.15696,1083
2844.276473,720,3958.925157,1899
2148.676782,720,3989.688348,1149
1518.060283,720,4021.156751,1088
2076.790679,720,4051.698528,1174
2488.900135,720,4087.676233,1558
2485.303592,720,4122.95232,1557
3262.751571,720,4156.799348,2062
2034.764855,720,4189.003714,1384
2891.318463,720,4225.941281,2011
1999.81169,720,4258.838427,1172
2479.765521,720,4293.07171,1385
2613.590572,720,4331.753084,2256
1974.272559,720,4363.67994,1170
2668.6058,720,4408.894274,2258
2720.743556,720,4456.982065,1712
2018.851645,720,4500.182712,1171
2025.03575,720,4544.064471,1392
2212.217744,720,4585.851719,1464
2043.056508,720,4629.540725,1386
3132.387432,720,4681.329657,2252
2181.111267,720,4716.525101,1151
2429.730495,720,4761.976288,1554
2206.319959,720,4797.849761,1254
2197.128777,720,4835.579957,1254
1933.467689,720,4869.60347,1172
2625.438434,720,4903.340382,1706
2012.070546,720,4935.810328,1385
2202.359431,720,4972.406291,1261
1370.659008,720,5002.516214,971
1986.395532,720,5017.234328,1384
3004.144939,720,5048.570016,2027
1471.744052,720,5083.623717,1087
1250.934081,720,5119.752571,668
2112.901254,720,5162.558985,1203
2707.631618,720,5199.933431,1705
2624.142306,720,5238.123039,1708
2296.093321,720,5277.289512,1551
1224.93812,720,5308.610391,665
2467.858217,720,5342.530382,1370
2685.874505,720,5386.020882,1812
2332.268161,720,5419.480119,1470
2157.413684,720,5453.111362,1473
2525.399929,720,5495.275109,1566
2042.330686,720,5533.16557,1171
2150.075464,720,5576.306634,1873
1400.782363,720,5609.82114,806
1567.925006,720,5644.488703,1088
2062.763246,720,5688.078617,1873
2060.561538,720,5724.753112,1176
3280.189332,720,5764.413812,2057
2138.642209,720,5797.621497,1147
2222.683406,720,5836.342388,1252
2555.256212,720,5874.006492,1564
2034.10634,720,5906.822247,1176
1233.967169,720,5941.687814,973
2402.630856,720,5983.091726,1466
2486.133249,720,6025.023729,1369
2715.916056,720,6075.233714,1698
3197.890692,720,6124.432411,1858
2321.817257,720,6163.86118,1473
2693.69529,720,6217.363453,2417
2166.001245,720,6250.593382,1153
2349.41227,720,6288.70564,1461
2377.443366,720,6339.016071,1381
1872.140389,720,6386.32831,1202
2125.442958,720,6427.975843,1152
1936.83784,720,6468.756569,1380
2771.989328,720,6508.021308,1697
1916.788426,720,6548.572885,1823
2242.992347,720,6581.0565,1458
2645.457329,720,6620.245724,1814
1266.485705,720,6652.014773,965
3182.389754,720,6689.833998,2018
3146.879315,720,6726.765445,2011
1993.60421,720,6763.239993,1200
2040.296814,720,6798.231778,1205
3347.36826,720,6835.612885,2059
3169.09339,720,6873.429637,2024
2194.156817,720,6908.545374,1259
1604.671859,720,6945.805348,1004
2802.116944,720,6983.670298,2040
2131.743627,720,7015.131208,1153
3135.458606,720,7053.833979,2011
1488.271078,720,7085.956585,808
2242.079838,720,7120.531948,1459
2755.190287,720,7160.051313,1811
2846.684303,720,7204.015882,1809
2999.411135,720,7245.086104,1896
1247.871416,720,7266.454041,665
2307.533333,720,7304.867464,2027
2075.189249,720,7335.189423,1205
2640.385036,720,7367.932612,2249
2053.309388,720,7394.501126,1389
2039.052071,720,7421.00143,1174
1667.349736,720,7450.579569,1016
2201.334088,720,7477.482044,1449
2073.237256,720,7504.097543,1174
2077.421872,720,7531.909283,1457
2141.346494,720,7558.956874,1151
2126.371708,720,7584.485857,1148
3191.266756,720,7618.817916,1997
2445.864479,720,7648.107462,1373
2200.418712,720,7675.940522,1462
2678.671137,720,7704.620216,1696
1514.838624,720,7730.698432,1087
3307.792659,720,7761.008259,1862
1220.973152,720,7787.061916,978
2991.62183,720,7825.987068,2042
2709.498042,720,7861.435319,2250
3319.439835,720,7894.67863,2070
3171.753099,720,7926.425718,2016
2458.458957,720,7955.614475,1548
2021.479151,720,7983.856203,1165
2044.241062,720,8016.948229,1174
1252.323546,720,8043.159271,667
1522.598315,720,8068.895605,808
2091.165117,720,8096.412864,1387
2365.148763,720,8123.19992,1468
1239.687301,720,8148.770516,665
2413.320901,720,8179.617253,1386
1374.839127,720,8206.32983,1080
1552.286372,720,8234.004825,1088
2310.007751,720,8262.286973,1462
1578.117265,720,8290.544098,1082
2465.579941,720,8319.218626,1381
2147.68128,720,8351.608883,1258
2018.288757,720,8379.279652,1171
1844.545412,720,8413.203502,1894
2174.44734,720,8441.296292,1462
1450.405706,720,8469.599772,808
2262.146943,720,8497.128615,1466
2078.128673,720,8524.887825,1172
2164.60919,720,8554.97568,1248
3293.891812,720,8586.271096,2064
1522.242097,720,8612.869862,1085
1204.291734,720,8640.244568,961
1489.622561,720,8667.874564,808
1462.51151,720,8694.49017,807
2390.476743,720,8722.2468,1473
1233.170885,720,8750.217828,665
1226.151546,720,8777.790158,967
2067.454376,720,8807.336206,1201
2161.657214,720,8836.642433,1256
1586.463734,720,8863.705803,1089
1994.866218,720,8893.685905,1195
2321.860243,720,8919.600251,1469
2169.347685,720,8949.222444,1261
2134.292582,720,8976.675569,1462
2723.741484,720,9008.240137,1699
3397.570362,720,9039.146745,2062
2399.573541,720,9071.472493,1901
2046.934431,720,9098.215881,1171
2514.44653,720,9128.131887,1548
2598.115807,720,9157.563737,1564
2526.617333,720,9183.257295,1372
2075.129758,720,9208.897439,1174
2140.354637,720,9236.93014,1152
2707.617783,720,9267.674925,1693
2038.83076,720,9304.926693,1170
2418.065922,720,9338.857209,1471
2123.960295,720,9380.739434,1867
2289.964248,720,9408.295566,1459
2453.602631,720,9439.176574,1384
1356.153105,720,9464.82305,979
2467.047224,720,9495.023815,1549
2518.085253,720,9521.13911,1368
3228.409314,720,9552.46299,2008
1481.540825,720,9577.561938,804
2812.884602,720,9607.944776,2032
2053.762589,720,9633.9021,1172
2184.326576,720,9661.967413,1151
1997.874247,720,9695.423256,1177
2023.313659,720,9723.340505,1392
2828.336046,720,9755.051452,1703
3145.5076,720,9785.798421,2001
2018.932431,720,9811.722865,1170
1508.954719,720,9837.555322,1085
2372.092576,720,9866.731405,1554
2220.196053,720,9893.59407,1458
2761.153579,720,9924.453929,1716
2860.619784,720,9956.08165,1809
2830.747964,720,9986.288196,1697
2061.871587,720,10015.777265,1174
2281.362016,720,10046.552229,1468
2738.248463,720,10083.633981,1707
3242.742215,720,10114.317258,2016
2017.780804,720,10145.608257,1451
3330.814726,720,10173.830474,1861
3103.060264,720,10219.155053,1996
2340.293716,720,10249.814754,1466
2353.81048,720,10276.218688,1473
2373.622386,720,10308.25656,1474
3185.721476,720,10346.582442,2006
2577.142138,720,10376.832671,1564
1409.876644,720,10413.710748,982
2159.98754,720,10438.725718,1150
2326.41188,720,10469.080119,1467
3316.513107,720,10500.101867,2007
2192.363748,720,10529.554663,1258
1604.052912,720,10559.227242,1015
2008.834523,720,10588.122837,1174
2377.521825,720,10615.029188,1467
1658.118656,720,10644.06849,1004
2343.959187,720,10676.489985,1384
1917.657591,720,10706.480413,1388
2158.701703,720,10741.640997,1260
2836.688248,720,10772.887064,1699
1974.053032,720,10798.086121,1171
1391.702299,720,10825.541312,979
1517.426977,720,10851.541458,1087
2500.863032,720,10880.018303,1371
2957.086637,720,10912.143157,1898
2048.048226,720,10954.814514,1199
2409.227125,720,10997.396194,1372
2323.509647,720,11030.748271,1468
2009.281863,720,11062.077508,1174
2658.308853,720,11101.425478,1692
3162.537774,720,11143.748059,2278
1325.477916,720,11176.864593,978
2558.431677,720,11213.861212,1561
1645.364932,720,11249.182461,1014
3339.65445,720,11290.361238,2469
2133.082562,720,11331.009818,1149
2403.467282,720,11379.753184,1383
3233.293016,720,11431.233382,2010
1398.980881,720,11470.393077,975
2052.610362,720,11505.724152,1201
2812.265899,720,11544.86658,1716
1255.292849,720,11578.786315,977
1396.455232,720,11611.252832,977
2517.908111,720,11643.545405,1371
2244.485931,720,11676.777102,1473
2117.011081,720,11709.675254,1152
1624.271696,720,11744.004974,1088
1232.259704,720,11776.381612,974
2138.518984,720,11808.868177,1151
2188.861759,720,11849.886737,1886
2144.409376,720,11883.004061,1152
2083.7684,720,11915.86793,1385
1244.809989,720,11948.245838,667
1396.044778,720,11980.710093,806
2820.475597,720,12020.204242,1691
2062.682951,720,12060.526884,1393
2712.926722,720,12111.339778,1693
2921.111107,720,12167.087748,1817
3130.884798,720,12219.257715,2000
3254.083416,720,12258.458748,2064
3225.726926,720,12298.746417,2452
1700.924396,720,12335.393949,1015
2202.188747,720,12371.82031,1257
2305.859706,720,12404.904128,1450
2931.522491,720,12442.741834,1810
3049.694808,720,12480.195858,1902
2408.110164,720,12516.943827,1381
2915.468497,720,12557.540568,2266
2012.114895,720,12590.384073,1175
2348.519684,720,12623.051422,1467
2749.60524,720,12660.062819,1693
2392.611912,720,12693.123384,1473
1997.999224,720,12727.695389,1200
2451.485881,720,12763.578084,1384
2815.566826,720,12799.10588,1698
2779.141166,720,12838.549752,2234
2892.158449,720,12877.184592,2032
1980.4039,720,12912.083081,1171
1257.572598,720,12947.806558,668
2368.029941,720,12978.707129,1467
2197.44906,720,13018.068645,1899
3032.749455,720,13058.096454,2003
3404.017188,720,13096.47578,2069
1557.540758,720,13128.762429,1090
1454.219443,720,13160.401681,807
3317.208284,720,13201.731796,2492
1969.648552,720,13234.744,1173
3186.710511,720,13272.707853,2015
3126.179206,720,13311.015024,2026
1454.057352,720,13343.681851,807
2503.810871,720,13377.508425,1368
2641.959138,720,13414.820408,1691
3290.002055,720,13452.712017,2018
2356.822645,720,13485.961273,1471
2140.829323,720,13518.534933,1152
2316.747904,720,13553.952709,1474
2155.489444,720,13590.424199,1259
1461.562471,720,13622.279717,806
1930.883335,720,13659.832609,1199
1265.839205,720,13691.699067,668
2237.700754,720,13727.718379,1467
1243.613936,720,13760.906574,666
2056.946116,720,13796.544224,1168
1351.202087,720,13831.686353,977
2848.985162,720,13870.163196,1806
1254.163111,720,13902.082473,668
3247.929107,720,13941.288783,2263
2342.135622,720,13980.831703,1889
2447.707605,720,14014.519132,1474
2758.938151,720,14055.223667,1701
3465.412998,720,14097.119928,2496
2464.306747,720,14134.19884,1383
2010.474405,720,14169.391919,1201
2440.251117,720,14208.334599,1554
3284.646699,720,14244.583487,2054
3273.545057,720,14285.36381,2021
2328.613796,720,14318.7276,1471
2037.621427,720,14352.0037,1172
2304.831271,720,14386.457164,1469
2100.753192,720,14420.05744,1149
2049.6702,720,14452.84919,1174
1558.220067,720,14484.405529,1089
2359.635583,720,14518.129549,1467
2150.740377,720,14553.601031,1394
1531.391095,720,14583.758328,1081
2463.812618,720,14612.74059,1383
2162.378937,720,14638.40523,1153
2031.206786,720,14663.47221,1172
2061.869129,720,14692.810476,1174
3243.884265,720,14724.316195,2014
2366.728512,720,14752.206114,1468
2764.656511,720,14781.429317,1706
2542.468402,720,14811.424641,1565
2327.450481,720,14838.256202,1473
2003.138088,720,14864.521802,1167
1388.811029,720,14890.551411,808
1996.559515,720,14916.106057,1173
1651.831297,720,14945.123554,1014
2826.591929,720,14974.594049,1702
2477.193571,720,15001.066677,1372
2035.814876,720,15029.155714,1172
2187.423218,720,15056.455467,1458
1661.667643,720,15086.12454,1016
3333.615881,720,15116.317915,2069
1993.652714,720,15144.790726,1202
2377.24286,720,15171.224865,1471
1435.167745,720,15198.123673,1085
2371.226733,720,15226.08272,1466
2122.919307,720,15253.243037,1394
2723.600229,720,15282.880943,1709
1568.51856,720,15309.412308,1080
2818.186475,720,15339.151932,1823
1474.805257,720,15363.910046,807
2366.827271,720,15393.048741,1543
2350.773753,720,15423.942689,1541
2371.167448,720,15450.517521,1471
2683.028949,720,15483.074122,2033
2874.005616,720,15513.151922,1807
2387.554702,720,15540.354344,1464
1521.280261,720,15566.785572,807
2461.281933,720,15598.787618,1557
2018.438506,720,15626.057089,1387
2372.360891,720,15656.813237,1533
1555.281003,720,15685.77734,1012
2140.862467,720,15711.620447,1148
2054.954634,720,15737.629008,1174
3289.960562,720,15769.015732,2001
3289.895012,720,15801.696469,2281
1474.413906,720,15828.268384,981
2039.129554,720,15853.253636,1175
2408.729258,720,15879.194314,1471
3366.50371,720,15909.745015,2057
2036.917312,720,15936.392682,1170
1495.879088,720,15961.836681,807
2532.605827,720,15990.848204,1562
3501.003806,720,16020.629748,2072
3120.528323,720,16049.648134,1902
1234.487875,720,16075.630778,667
2377.530042,720,16103.303717,1381
2860.085194,720,16133.765182,1810
2311.774829,720,16159.829547,1468
1251.598668,720,16186.573874,668
2110.748298,720,16213.259277,1391
3115.783199,720,16245.394377,2068
1930.87189,720,16271.288647,1173
1523.583709,720,16296.546962,806
1627.286155,720,16321.316149,1091
2091.13902,720,16346.306345,1147
2931.005561,720,16377.251533,1817
3097.7509,720,16407.8832,1902
3578.621217,720,16440.718127,2494
2797.034874,720,16470.637907,1806
1473.891961,720,16498.520559,805
2409.048762,720,16528.590277,1474
2816.510607,720,16559.415617,1808
2032.000577,720,16585.537129,1173
2104.381144,720,16611.317158,1150
2323.419624,720,16638.280996,1461
2397.889834,720,16664.972274,1471
3120.615654,720,16696.382746,2020
3444.780108,720,16728.354333,2067
1586.813774,720,16755.46707,1088
1242.276082,720,16781.423725,667
2365.715367,720,16811.460539,1556
2001.055178,720,16837.449847,1171
2603.950568,720,16870.073968,1707
1686.258906,720,16898.427805,1016
3089.344545,720,16927.901359,1908
1487.527463,720,16953.835579,798
3226.04292,720,16986.877473,2266
2903.93425,720,17017.116227,1812
2566.741759,720,17045.570226,1546
2710.286948,720,17075.070604,1819
2286.813106,720,17105.111684,1549
2717.866956,720,17136.233421,1697
3425.245029,720,17165.336215,2061
3240.981884,720,17198.945517,1858
2115.792932,720,17230.052418,1387
2613.801265,720,17259.758539,1564
2495.701924,720,17286.273199,1371
2813.021021,720,17316.632974,2011
2138.269667,720,17343.010077,1151
2308.61265,720,17369.112282,1461
3365.893284,720,17400.618098,1863
1936.591187,720,17431.138745,1203
2118.731626,720,17457.580369,1151
2073.110632,720,17487.169581,1255
2030.222881,720,17513.645361,1168
3771.931766,720,17545.041413,2496
1244.652124,720,17571.768353,667
2149.728017,720,17601.395083,1260
3649.767258,720,17633.706299,2496
2027.095896,720,17659.266127,1172
2529.817033,720,17688.544789,1561
3203.539984,720,17718.791539,2011
2561.907211,720,17750.046864,1710
2136.572012,720,17775.718586,1151
1345.809622,720,17801.033003,975
2516.792351,720,17827.267877,1370
3251.584739,720,17857.780606,2007
2460.08423,720,17885.178292,1465
2368.486232,720,17914.076742,1379
2299.542096,720,17941.344287,1470
2899.805953,720,17971.427231,1810
2064.114204,720,17997.478285,1173
1254.701807,720,18023.241493,668
2020.306079,720,18050.376283,1172
2388.145539,720,18080.214327,1384
2197.525151,720,18106.96689,1387
1634.068742,720,18133.563102,1088
1657.387893,720,18160.87612,1087
2976.385822,720,18192.822821,1893
3293.412295,720,18222.893014,2008
1574.736615,720,18252.118895,1015
3481.99669,720,18282.33689,2077
2771.088851,720,18314.428526,1714
2446.015216,720,18342.224756,1469
2475.106258,720,18369.267751,1477
2591.006553,720,18399.196864,1560
1231.234179,720,18423.529802,664
2782.252222,720,18453.615568,1693
1718.279803,720,18480.45996,1088
2868.389191,720,18510.086253,1702
2040.90817,720,18536.528584,1172
3342.854133,720,18568.309961,2282
2968.097587,720,18599.582172,2058
1252.114235,720,18626.129726,667
3362.42591,720,18657.093836,2067
2454.133823,720,18684.027408,1468
1292.189687,720,18710.733987,974
2394.788525,720,18738.967169,1382
2985.298476,720,18769.268952,2032
2605.261014,720,18801.815712,2069
2419.492478,720,18829.320268,1466
3201.197266,720,18858.582176,2009
1387.240351,720,18885.547103,968
2092.402033,720,18913.261205,1388
2387.68224,720,18942.942406,1385
2510.888933,720,18968.672883,1368
2779.103993,720,18996.868883,1697
2401.414326,720,19023.111555,1472
1519.750463,720,19048.874663,809
2076.059614,720,19076.670701,1174
2700.53026,720,19106.425117,1695
1250.993679,720,19132.702729,668
1670.412923,720,19164.968558,1091
1483.116046,720,19197.444175,806
2548.58242,720,19231.900661,2027
2402.81079,720,19261.257374,1464
2107.778086,720,19287.399184,1150
3316.769375,720,19318.919752,2070
2611.275762,720,19349.976748,1903
2011.679509,720,19380.283549,1195
2050.180125,720,19406.396634,1173
2898.319345,720,19436.773099,1814
1260.911086,720,19461.582606,668
2474.587342,720,19488.205601,1467
2820.48043,720,19519.075099,2028
2124.026119,720,19547.06595,1151
2112.925896,720,19572.857322,1150
1264.413378,720,19597.642566,668
2745.004082,720,19627.647996,1695
2455.271501,720,19654.096008,1467
2099.33806,720,19681.009641,1149
1586.484766,720,19709.749523,1011
2125.879212,720,19736.391063,1150
1963.40213,720,19762.421271,1172
2415.603439,720,19793.118926,1697
2389.013344,720,19819.972919,1472
2922.185865,720,19849.335361,1814
3496.716638,720,19881.994955,2490
2392.331937,720,19907.765779,1357
2658.641904,720,19937.332853,1707
1983.986496,720,19962.995726,1171
2485.326712,720,19989.368838,1370
3617.860947,720,20021.247729,2504
3386.660808,720,20051.708985,2070
3182.197258,720,20084.43831,2458
1679.54978,720,20112.69173,1091
2731.332827,720,20147.730748,1711
2553.268173,720,20179.193739,1892
2751.500313,720,20210.096822,1696
2450.90542,720,20238.580644,1466
2729.395671,720,20268.401348,1688
3034.037723,720,20299.170097,1899
1390.923166,720,20325.625897,977
2648.603543,720,20356.890406,1694
2748.120474,720,20386.197837,1712
1931.878897,720,20412.514327,1174
2119.96178,720,20438.754406,1150
1242.946379,720,20465.425457,666
2527.170362,720,20495.841893,1559
3598.073743,720,20528.753224,2487
2446.020076,720,20554.798993,1463
1981.485514,720,20582.525344,1173
1944.400976,720,20609.223246,1163
2011.434991,720,20635.886373,1174
2002.012859,720,20662.353947,1166
2556.786044,720,20695.097082,2038
2506.352792,720,20725.450743,1560
1461.195052,720,20751.715871,808
2014.822239,720,20779.025505,1386
2097.722778,720,20805.338712,1148
2875.376002,720,20838.810725,2185
2458.819664,720,20869.658218,1684
2137.241485,720,20899.574218,1395
2423.101927,720,20930.552988,1372
2134.509376,720,20960.537917,1262
3096.549102,720,20993.402847,2014
2051.240871,720,21020.170303,1150
1644.833877,720,21047.065291,1090
1963.284347,720,21073.302416,1173
2953.366281,720,21104.273578,1893
2440.839283,720,21130.140878,1468
2398.506233,720,21159.242602,1562
2365.583542,720,21187.020737,1463
2993.146389,720,21219.231566,2019
3042.812101,720,21250.941464,2012
1649.02874,720,21277.979992,1087
2482.171089,720,21304.614978,1463
2868.762114,720,21335.035626,1816
2380.912997,720,21360.820387,1369
2770.409648,720,21391.124969,1893
2530.516114,720,21422.325487,1709
2399.607802,720,21448.720759,1468
1722.731979,720,21475.798551,1085
2425.835578,720,21502.92302,1371
1444.630391,720,21528.834645,808
3194.760388,720,21561.784331,2278
3418.18899,720,21592.679925,2072
1917.291773,720,21618.320857,1170
1454.707767,720,21645.083501,980
1982.963656,720,21672.706173,1170
3428.05123,720,21704.631371,2071
3225.341227,720,21736.583787,2052
2807.176668,720,21768.013265,1817
2527.657592,720,21800.172225,1705
2016.031252,720,21826.440545,1172
1918.71761,720,21856.140595,1204
2328.653236,720,21882.626719,1357
3238.595304,720,21916.795681,2274
3328.789467,720,21949.932667,2274
1971.53016,720,21976.66406,1170
2474.346824,720,22003.423185,1464
1032.326468,720,22032.747759,1308
3092.87701,720,22063.485122,2005
1824.741381,720,22093.375808,1196
2005.763831,720,22122.583596,1199
2124.885214,720,22148.127821,1150
1720.005883,720,22174.956126,1083
2480.51143,720,22202.424803,1474
3111.931675,720,22233.59409,1903
1961.013699,720,22264.895704,1203
2492.523208,720,22291.599498,1468
2028.595701,720,22318.335999,1172
2740.736006,720,22348.596451,1706
3378.951704,720,22379.75731,2068
2616.786145,720,22410.885882,1695
2701.498006,720,22442.515893,1692
2261.571244,720,22471.4996,1382
2021.632091,720,22498.434112,1172
2980.146514,720,22530.41127,2029
2216.930378,720,22558.274839,1366
2111.516382,720,22584.536034,1147
2005.433883,720,22611.940324,1362
2023.788821,720,22638.158345,1168
3230.058694,720,22668.834315,2060
1733.857829,720,22696.455817,1085
2308.182015,720,22723.269254,1463
2708.516863,720,22755.906409,1716
2432.375374,720,22782.799994,1465
2061.801414,720,22810.165197,1174
1949.819021,720,22838.045575,1354
1770.615936,720,22866.060179,1090
2042.483943,720,22893.444332,1174
3728.970951,720,22927.10144,2497
2115.274677,720,22952.8234,1150
1282.849993,720,22979.925539,798
2157.921101,720,23007.414622,1152
2052.204069,720,23034.502292,1175
3410.171158,720,23065.078311,2279
2149.0466,720,23091.344288,1151
3906.548588,720,23124.157816,2491
3276.233632,720,23153.794649,1857
2390.372271,720,23184.387673,1555
1746.367098,720,23211.567743,1087
2127.33627,720,23238.714787,1151
2837.103415,720,23269.81884,1808
3788.246592,720,23301.731433,2501
2446.717991,720,23329.019199,1472
2883.769147,720,23359.139356,1808
1743.296889,720,23386.452168,1088
2429.284869,720,23417.180225,1541
3244.931701,720,23448.467223,1861
1743.250153,720,23475.043094,1088
2066.693009,720,23501.796874,1173
2702.525523,720,23532.955918,1899
2162.286067,720,23558.213197,1150
2059.573377,720,23585.945108,1174
2469.965679,720,23613.010952,1475
1729.669581,720,23639.197154,1089
1924.234559,720,23669.049595,1254
2714.075862,720,23702.492695,1907
2141.130346,720,23733.114414,1154
2488.623671,720,23764.946351,1703
2217.783641,720,23795.412256,1464
2389.68209,720,23824.154913,1385
1979.170883,720,23851.226846,1176
1540.41847,720,23880.355062,1398
1280.393766,720,23907.36228,807
1289.165335,720,23934.613844,797
2337.67792,720,23965.176985,1384
3100.772108,720,23997.715021,2039
1988.746945,720,24025.141883,1165
2438.599108,720,24052.842607,1469
2019.931073,720,24079.33102,1173
2473.240324,720,24107.177609,1470
2465.032339,720,24134.404945,1476
2052.158608,720,24162.168273,1365
2684.668574,720,24193.912422,1697
2143.662241,720,24220.780673,1149
3257.718889,720,24251.151435,1853
1199.514525,720,24278.226029,803
3022.701441,720,24309.917126,2033
2180.876703,720,24338.486563,1393
2954.125819,720,24370.579325,1813
2677.247167,720,24402.073726,1714
2127.807963,720,24429.491296,1151
2111.611198,720,24457.136619,1392
1723.568114,720,24484.480284,1087
2512.692867,720,24514.484743,1563
2021.19086,720,24541.454405,1171
3511.811631,720,24573.180459,2077
2673.347916,720,24613.786598,1711
2150.612548,720,24641.852334,1151
2015.304756,720,24669.170777,1166
2050.733087,720,24695.408165,1174
1948.600091,720,24725.762998,1199
1675.11974,720,24752.321154,1084
2731.689536,720,24783.000241,1694
2427.811686,720,24812.459251,1469
2062.898404,720,24842.30762,1258
3165.054643,720,24874.294753,1998
3304.759395,720,24912.060921,2290
2324.063539,720,24940.427457,1358
2441.922777,720,24967.059749,1474
2028.571949,720,25018.91034,1172
1982.548519,720,25067.914916,1171
2392.056231,720,25119.081869,1370
2394.440175,720,25176.059765,1542
2027.065186,720,25225.171543,1172
2051.125137,720,25277.400605,1255
1449.238016,720,25329.093483,979
3294.766289,720,25385.042717,2036
2474.66498,720,25425.65134,1470
2161.637745,720,25462.317856,1148
2448.556496,720,25501.50935,1464
3113.014551,720,25545.534461,2006
3135.263488,720,25579.460608,1902
2396.407064,720,25609.471337,1464
1412.945592,720,25637.273647,977
2952.17818,720,25668.247887,1814
2489.340654,720,25694.804726,1467
1490.12786,720,25723.87571,1007
1458.764234,720,25750.591289,808
1549.712033,720,25779.978588,1012
1515.60525,720,25808.877402,1011
2154.995345,720,25835.588558,1151
3842.743554,720,25867.078791,2493
2445.409834,720,25893.513032,1463
2708.225723,720,25923.673171,1706
2154.237065,720,25950.274263,1390
2440.58953,720,25976.148413,1464
2418.366704,720,26003.238126,1464
3125.206053,720,26033.895675,2038
2148.203857,720,26059.12004,1151
3921.464788,720,26090.839709,2498
1168.943423,720,26117.567466,668
2490.120964,720,26144.959048,1475
2730.084271,720,26174.912506,1697
2400.917576,720,26203.739405,1385
1756.46498,720,26231.240476,1087
2799.487889,720,26262.04177,1698
1572.923788,720,26292.460796,1015
2699.248521,720,26323.310044,1710
2972.311491,720,26357.199591,2003
2008.810176,720,26383.232804,1174
2825.403895,720,26415.480396,1895
2508.166171,720,26446.768476,1554
3187.015192,720,26479.301131,2017
2033.582548,720,26505.744982,1175
2457.731976,720,26533.474936,1464
2408.067432,720,26563.214107,1386
1688.379143,720,26589.625329,1086
3303.922725,720,26620.299521,1858
2511.822643,720,26645.787547,1369
1551.801384,720,26671.291482,806
2535.571134,720,26697.29199,1471
3497.807234,720,26727.598737,2287
1703.699721,720,26754.874314,1089
2466.407716,720,26780.506531,1366
3280.373496,720,26810.090848,1863
1607.201594,720,26835.788772,1090
1157.748371,720,26861.402319,664
2873.763625,720,26891.022541,1694
1544.467748,720,26916.575296,808
2675.766037,720,26946.374473,1690
2078.979274,720,26972.218267,1152
3478.974807,720,27002.267955,2077
2593.220941,720,27032.768336,1708
2384.976167,720,27059.18301,1460
2398.845276,720,27087.572442,1383
2129.502569,720,27114.306125,1390
1536.424496,720,27139.448544,808
2072.136158,720,27165.106374,1175
3786.718021,720,27196.15991,2502
1464.340786,720,27221.974901,977
3926.121953,720,27252.240889,2504
2407.406362,720,27281.445641,1548
3152.523204,720,27312.807158,2040
3160.066418,720,27345.786368,1908
1607.414815,720,27373.634984,1010
2261.878373,720,27399.235796,1395
3993.20141,720,27428.129897,2502
3509.104637,720,27458.652325,2072
3853.617871,720,27489.427383,2496
1670.390689,720,27516.169734,1087
3138.033985,720,27546.382347,2006
2076.152431,720,27572.266155,1173
2967.961219,720,27602.122406,1811
1597.222238,720,27630.614829,1014
1681.172321,720,27656.691171,1091
3221.131932,720,27686.137386,2022
2432.211054,720,27713.25339,1474
2508.32335,720,27739.066342,1467
2052.344531,720,27764.85555,1172
3094.538065,720,27796.316787,2243
1595.77847,720,27825.313177,1016
2053.18232,720,27850.368179,1174
1541.880345,720,27875.270452,806
2456.20674,720,27902.492672,1463
2057.719134,720,27929.596099,1171
1444.439971,720,27956.234367,978
1535.299434,720,27982.248138,808
2808.803479,720,28014.348101,1901
2853.850445,720,28043.35222,1702
2194.194982,720,28076.084405,2037
3184.429334,720,28105.567404,1904
3245.685674,720,28136.207961,2018
2157.137103,720,28161.968934,1392
2321.972523,720,28196.608979,2039
3118.942897,720,28227.73744,2034
2127.216292,720,28253.941302,1151
2035.266085,720,28280.188692,1175
2045.080446,720,28306.035183,1174
2813.323455,720,28334.739099,1693
1549.348674,720,28360.473723,806
1549.179763,720,28385.050097,807
2127.381639,720,28410.89361,1149
1549.867678,720,28437.141961,806
3901.348909,720,28468.706482,2492
3321.1387,720,28501.506438,2277
1621.32144,720,28530.470854,1012
2415.962349,720,28556.929954,1473
3474.342514,720,28586.545048,2063
1230.147205,720,28611.748902,667
2891.515496,720,28640.953862,1695
2493.934312,720,28667.740931,1459
1234.728329,720,28692.954244,665
2449.398758,720,28720.047502,1471
2032.9198,720,28746.652434,1173
1642.175313,720,28775.102861,1016
2071.268443,720,28800.68956,1175
1252.397401,720,28827.354929,667
2344.231531,720,28857.894925,1713
2487.43042,720,28884.530722,1474
2425.725342,720,28916.064131,2052
1719.403516,720,28942.194414,1088
1226.25946,720,28969.794616,667
1554.778256,720,28994.830294,808
1712.380253,720,29021.010644,1088
2990.611864,720,29051.485999,1815
2947.901443,720,29081.842457,1819
1405.283934,720,29109.856468,972
3299.742455,720,29142.298676,1856
1718.835039,720,29168.843127,1087
1527.63947,720,29194.795781,806
1988.711606,720,29220.933071,1169
2007.054809,720,29246.971183,1173
1985.840328,720,29274.717771,1455
1343.354824,720,29299.665278,980
2207.537791,720,29326.448605,1436
3485.607964,720,29357.728005,2068
2261.173049,720,29385.900017,1464
1534.18131,720,29411.914398,806
1972.908483,720,29439.276977,1171
2428.530881,720,29467.758389,1464
1394.579892,720,29514.262308,1632
2487.592631,720,29554.189768,1560
1734.92881,720,29587.428333,1089
2013.126907,720,29617.850503,1392
3270.851494,720,29647.056496,1859
2066.876607,720,29674.149878,1392
1455.147348,720,29700.900133,983
1555.770528,720,29726.511966,807
1810.140415,720,29756.875883,1530
1771.759517,720,29781.989704,1087
2192.053864,720,29806.689983,1153
3036.099384,720,29836.687916,2055
1520.243525,720,29862.161009,805
2831.890378,720,29892.207961,2028
2489.934643,720,29922.521915,1557
3054.895338,720,29954.47086,1993
2045.411261,720,29979.18933,1167
1630.145672,720,30008.92371,1010
2226.410277,720,30040.143612,1393
2678.831804,720,30073.601806,1899
2520.219759,720,30099.992657,1471
2500.338917,720,30126.600977,1473
2455.50317,720,30155.30659,1552
3055.069604,720,30185.883733,2030
1526.432434,720,30211.192625,808
2040.306211,720,30236.437641,1172
2409.355163,720,30265.971512,1879
2128.873484,720,30291.144161,1148
2014.760756,720,30318.72559,1173
3616.27795,720,30351.73957,2482
2041.904398,720,30377.292725,1173
2418.212881,720,30404.112887,1469
2463.263559,720,30434.132734,1555
2485.450553,720,30461.260929,1462
1510.275115,720,30487.24273,978
1989.513359,720,30513.931976,1168
2530.613731,720,30540.126592,1371
3461.006022,720,30570.26982,2069
3023.662433,720,30601.1971,2013
2352.665315,720,30634.7797,1894
3007.63284,720,30666.917983,2275
2007.302171,720,30693.255555,1168
3277.765933,720,30722.067248,1860
2226.929151,720,30748.529876,1389
2490.819896,720,30775.985652,1464
1977.437185,720,30801.162778,1171
2255.637321,720,30827.418943,1390
2044.894161,720,30855.96151,1201
1733.423694,720,30883.231538,1090
2553.78739,720,30910.750582,1372
2316.785242,720,30942.268924,1389
2508.727779,720,30968.35843,1469
1535.686935,720,30992.656303,808
2583.058527,720,31022.621285,1693
3106.817783,720,31054.713942,2026
3361.671865,720,31085.515538,2067
3371.683496,720,31115.938074,2063
2828.067415,720,31146.865093,1695
2046.075118,720,31173.227729,1170
1711.53799,720,31199.053779,1089
2815.941934,720,31230.138643,1720
3335.109389,720,31260.192069,1856
795.080189,720,31297.229681,1466
2480.926516,720,31324.021389,1369
1987.278993,720,31350.63516,1173
2018.90115,720,31380.92452,1201
3559.401986,720,31411.081795,2070
3244.897235,720,31442.89819,2024
2561.452258,720,31473.717588,1560
1987.794592,720,31500.452374,1171
2520.342464,720,31527.117795,1371
2483.315043,720,31554.612394,1477
2240.069421,720,31581.939556,1391
2150.763041,720,31607.997439,1151
1976.438674,720,31635.062779,1178
3004.457398,720,31665.71863,1811
2672.45046,720,31694.502156,1692
2955.33007,720,31725.605143,1907
1994.724299,720,31751.805056,1172
2447.997243,720,31789.917364,2207
1230.287861,720,31817.292826,667
2371.511997,720,31847.941193,1385
1680.890881,720,31874.545774,1085
1697.987709,720,31901.639564,1083
3254.54262,720,31931.756912,2038
2467.293502,720,31958.585106,1469
2035.967398,720,31984.64676,1175
3207.273217,720,32015.549585,2027
3441.156223,720,32046.617917,2063
1513.395247,720,32073.234404,807
1222.832694,720,32096.691855,667
1997.764902,720,32113.384671,1173
1530.754478,720,32143.237549,808
1256.688641,720,32190.530888,667
2013.948129,720,32241.038777,1982
1507.391629,720,32285.95628,982
1739.165598,720,32331.9405,1086
3507.45557,720,32385.858873,2063
1256.336209,720,32432.052698,666
2231.40142,720,32477.667805,1385
2744.175999,720,32533.125673,1697
2372.000919,720,32579.837399,1463
2169.225345,720,32630.59494,1152
2805.61234,720,32686.141631,1703
2516.576836,720,32734.060837,1468
1734.041932,720,32779.883157,1092
2168.015428,720,32825.801044,1148
2511.619612,720,32873.994493,1466
1997.20527,720,32937.956064,1871
2485.798381,720,32988.5845,1386
1266.396096,720,33033.519693,668
2177.507577,720,33083.073401,1149
2669.006978,720,33136.822295,1696
2156.018568,720,33181.074968,1148
2362.850128,720,33232.79783,1559
1726.541868,720,33279.723229,1089
2448.713087,720,33328.612289,1465
3507.473343,720,33390.384927,2064
1986.868614,720,33440.645452,1174
2116.318954,720,33496.067636,1546
3479.633002,720,33551.634146,2066
1530.342092,720,33590.911063,809
2471.628488,720,33631.428044,1462
2496.160927,720,33673.983653,1468
2486.527404,720,33720.728386,1690
1538.452386,720,33762.412472,807
3393.741904,720,33817.412592,2069
3118.505305,720,33870.662001,1855
1948.71689,720,33930.640543,1256
2158.037681,720,33984.944739,1148
2891.320838,720,34044.163747,2030
2185.266565,720,34087.300316,1151
1521.334225,720,34132.056432,1089
2803.905634,720,34182.053756,2007
1583.263308,720,34228.404067,1388
2996.86969,720,34280.420567,1898
3051.676165,720,34331.117871,1900
2551.367755,720,34371.848305,1685
1493.608224,720,34411.336316,1196
2380.953412,720,34449.711971,1695
3356.291405,720,34490.999484,2076
2048.703046,720,34539.465927,1557
2894.091519,720,34584.18673,1801
3305.227554,720,34629.500133,2073
1753.92865,720,34667.118909,1087
1199.837778,720,34704.166158,666
1742.963195,720,34743.168192,1090
1964.198853,720,34782.012561,1171
2575.459815,720,34822.26734,1475
2343.562491,720,34860.8795,1469
2551.450595,720,34899.518417,1473
1184.54834,720,34936.781917,667
1533.821539,720,34980.601542,1007
1543.428865,720,35018.451967,806
2685.800629,720,35061.886893,1690
1212.062391,720,35099.979652,666
2199.145386,720,35141.353557,1464
2013.150087,720,35184.819791,1254
1760.459869,720,35223.166972,1089
2438.98336,720,35258.091835,1467
2421.600908,720,35293.803766,1465
2207.689586,720,35328.802842,1394
3911.873902,720,35371.469453,2494
3332.213842,720,35413.571992,2006
2049.161918,720,35448.845751,1172
2307.221952,720,35488.377637,1383
2493.783871,720,35525.411744,1370
3219.819508,720,35563.921203,1852
2056.031222,720,35602.473378,1255
1953.974531,720,35637.325804,1174
1490.785941,720,35675.426092,1004
2195.204932,720,35711.238073,1386
1884.425733,720,35752.717143,1548
3148.294758,720,35793.061456,1905
3125.344451,720,35833.421813,2004
2009.424964,720,35869.889093,1168
3272.951169,720,35909.77822,1860
2371.008519,720,35945.339071,1461
2539.728945,720,35984.922965,1907
2008.791375,720,36020.664556,1170
3314.533245,720,36059.61155,1857
2461.291596,720,36098.940355,1894
2264.687955,720,36140.328991,2004
2139.418726,720,36176.106296,1150
2794.766793,720,36216.173675,1698
2367.669158,720,36251.976321,1460
3120.65439,720,36293.557218,1895
1508.757425,720,36328.582712,805
2646.331692,720,36369.157613,1893
2956.135977,720,36408.32391,1809
2409.561081,720,36443.841376,1457
2557.896607,720,36484.938327,1564
2096.391691,720,36520.092315,1149
3206.863466,720,36560.358953,1906
3327.162523,720,36600.241203,2019
2840.972416,720,36643.309476,2018
2203.474747,720,36677.836618,1389
2509.273697,720,36712.725382,1470
1995.300185,720,36748.126107,1171
2350.498427,720,36786.676696,1548
3153.67828,720,36827.014267,1901
2009.497613,720,36865.009855,1203
1776.791198,720,36900.360402,1087
2865.546986,720,36940.39372,1697
1429.544238,720,36975.727978,976
3180.930696,720,37014.778074,1904
1416.148325,720,37049.664592,976
1752.798068,720,37083.502845,1088
2030.206652,720,37117.932181,1174
2496.715796,720,37154.261197,1469
3306.32746,720,37195.17714,1859
3331.212674,720,37236.022555,1861
2066.740678,720,37271.628856,1169
2570.996308,720,37310.490441,1557
3077.439927,720,37351.0917,2039
3218.670875,720,37392.193785,2005
1619.346139,720,37431.675462,1013
1733.964771,720,37466.42529,1090
1731.538853,720,37503.180786,1088
2006.563479,720,37539.176975,1172
2072.468946,720,37576.072233,1391
2097.326354,720,37611.264276,1396
3233.77111,720,37650.031333,1904
2485.059991,720,37685.682114,1463
1739.851783,720,37720.563599,1089
2166.868537,720,37753.382511,1153
1153.609055,720,37790.027766,1089
2077.343081,720,37824.443966,1173
2465.832244,720,37859.845908,1472
1905.53691,720,37896.492602,1378
1251.97262,720,37931.132266,666
2351.908043,720,37965.982328,1464
2177.392762,720,37999.484746,1152
3196.640258,720,38037.619034,1860
4037.16756,720,38079.649187,2502
2425.827051,720,38117.343833,1367
1253.774616,720,38154.066143,667
2143.724492,720,38188.299757,1148
2088.924553,720,38222.823879,1175
2831.338252,720,38262.707975,1691
2501.572265,720,38297.117018,1473
1249.295043,720,38330.806205,668
1312.210389,720,38366.055211,1071
2037.014445,720,38400.176893,1173
2519.777156,720,38436.085984,1474
2083.808393,720,38471.38499,1170
1851.308322,720,38510.467855,1199
2100.957514,720,38549.048578,1150
2019.264902,720,38591.868376,1169
2611.061589,720,38620.504241,1691
2396.838446,720,38647.402414,1386
2959.001546,720,38675.852929,1816
2123.530771,720,38700.13435,1151
2042.587562,720,38724.917773,1169
2182.95845,720,38749.239532,1394
3188.448347,720,38777.286691,1905
2868.019063,720,38805.30272,1695
1710.508925,720,38829.936644,1086
2453.576871,720,38854.086161,1463
2766.81385,720,38882.053199,1697
1708.833708,720,38906.972352,1089
2453.79991,720,38931.869537,1365
2773.119911,720,38960.258985,1700
3274.512329,720,38988.82073,2005
3020.793884,720,39017.512251,1811
3169.929202,720,39046.220394,2040
2004.804208,720,39073.025506,1197
2065.483379,720,39096.912569,1148
2160.877372,720,39122.404999,1390
2494.533263,720,39146.716596,1473
2980.041717,720,39174.504366,1812
1347.053852,720,39198.19032,808
2763.565846,720,39225.753902,1695
2822.927026,720,39254.711351,2009
2041.939658,720,39278.888222,1171
1697.832685,720,39303.132873,1084
2119.750528,720,39327.499512,1153
2391.589561,720,39351.537432,1361
1472.568565,720,39375.533323,980
2130.917613,720,39399.54055,1150
2802.754034,720,39427.122471,1708
2513.342359,720,39451.816984,1466
945.328768,720,39486.398435,1597
3525.046609,720,39514.537659,2065
1949.992014,720,39539.004754,1172
2007.460445,720,39563.378728,1173
2060.578307,720,39586.780619,1173
3411.923613,720,39614.406477,2017
3320.285666,720,39643.073405,2022
3360.6386,720,39670.839998,2025
2569.317562,720,39698.106912,1563
1984.952676,720,39722.181689,1173
2827.843889,720,39751.265249,1714
2257.692097,720,39776.3386,1392
1464.659617,720,39800.632882,980
2519.41908,720,39825.59587,1472
2271.040162,720,39849.675868,1393
2434.08395,720,39873.780925,1369
2132.593139,720,39898.091341,1150
3270.998697,720,39927.677982,2035
1278.051664,720,39952.574333,943
1732.241197,720,39977.179436,1086
3134.47154,720,40005.525068,2042
3244.589885,720,40033.363126,2028
2415.565347,720,40057.850547,1463
1719.241277,720,40082.509011,1093
2428.374049,720,40107.008897,1458
1690.776981,720,40132.267221,1089
2736.388305,720,40159.425901,1692
1700.501704,720,40184.259188,1089
1880.151832,720,40208.66978,1163
2758.997077,720,40237.37658,1902
3237.860887,720,40266.434745,2061
1461.765695,720,40290.826531,800
2121.628169,720,40314.585155,1150
2506.060582,720,40338.298946,1471
1725.237727,720,40362.760308,1087
2076.552196,720,40386.393861,1150
2461.306143,720,40413.525833,1550
1643.286213,720,40441.060361,1015
3199.294008,720,40469.627909,2034
3560.761333,720,40499.264263,2494
2065.765218,720,40523.287606,1148
3262.600631,720,40551.527148,2007
1188.135297,720,40574.559544,664
2473.21056,720,40598.615755,1471
1447.115305,720,40622.211652,809
2506.723144,720,40646.878714,1473
1192.560195,720,40670.478489,667
2285.70045,720,40695.396559,1370
2129.95282,720,40719.161827,1150
3016.201647,720,40748.337151,2036
2338.712279,720,40773.093757,1368
1908.702757,720,40798.408552,1171
2296.117453,720,40823.931373,1369
1850.483521,720,40849.620753,1166
1400.712339,720,40872.77961,809
3179.759132,720,40901.846292,2036
3190.210873,720,40930.225096,1904
2432.614744,720,40956.945783,1385
2139.388136,720,40980.698878,1150
2492.23139,720,41006.002043,1471
1509.008907,720,41030.55493,982
2529.713329,720,41058.730467,1563
2023.42891,720,41085.350643,1200
1762.884166,720,41109.200052,1092
1747.175339,720,41134.464084,1089
3280.314354,720,41161.413869,1854
2817.20583,720,41188.080888,1697
1871.054012,720,41213.420778,1168
1460.916653,720,41239.164548,977
2535.637238,720,41263.995703,1467
1974.078202,720,41287.83578,1170
2048.055632,720,41314.582159,1249
3327.300364,720,41341.428277,1859
2375.485198,720,41368.781568,1386
1907.232722,720,41393.574201,1164
1884.456908,720,41418.208267,1166
2259.755611,720,41442.882404,1356
2469.146291,720,41467.588181,1466
1964.81509,720,41491.373187,1166
2944.517419,720,41520.282145,1816
2258.789377,720,41544.890979,1357
3152.328853,720,41572.493068,2005
3103.724137,720,41600.082582,1903
1827.839968,720,41624.927733,1163
1908.727697,720,41649.033693,1170
2504.779059,720,41673.766726,1475
2231.077931,720,41702.706631,1703
1466.316463,720,41728.618896,806
1456.343783,720,41755.417686,977
2151.886034,720,41779.284332,1153
2182.671152,720,41806.641507,1537
2079.089936,720,41833.708083,1255
3529.89423,720,41862.967114,2289
2416.416974,720,41890.775983,1558
2492.474159,720,41915.784331,1467
3036.124562,720,41944.750967,2031
2473.601348,720,41970.063053,1472
3282.66756,720,41998.185082,2066
2306.836634,720,42025.903943,1550
1711.385251,720,42050.803143,1087
2417.475521,720,42077.811976,1548
1610.345405,720,42104.531059,1016
1239.075691,720,42127.335082,665
2244.717191,720,42151.752556,1394
3554.960653,720,42180.944641,2276
2325.911055,720,42208.74854,1382
3498.382055,720,42236.47408,2072
2298.29017,720,42261.514181,1395
2222.774541,720,42285.886432,1389
2625.384172,720,42314.225429,1709
1910.731837,720,42339.941334,1169
2153.964166,720,42363.771211,1357
3331.090144,720,42392.242205,2020
1782.539982,720,42416.624154,1092
2293.776775,720,42441.392229,1370
1987.439177,720,42465.647212,1171
2225.655169,720,42490.601002,1371
1162.128635,720,42514.655728,808
2087.372937,720,42542.353447,1257
3147.478074,720,42569.714638,1906
2795.94161,720,42598.464016,1690
2103.25007,720,42625.207617,1259
3671.900883,720,42654.01296,2284
2148.727458,720,42678.271444,1149
2127.981101,720,42703.054881,1146
2469.152194,720,42727.271676,1467
3010.367228,720,42755.005544,1817
2151.866731,720,42778.941687,1151
3315.893139,720,42806.855124,2024
2757.292356,720,42835.021931,1713
1504.870311,720,42859.027611,979
3197.051788,720,42887.20921,2036
2422.366136,720,42911.946246,1466
2078.597337,720,42940.140261,1202
2029.314486,720,42964.106142,1173
4084.853658,720,42992.148405,2502
2108.14302,720,43016.444576,1173
2015.302972,720,43043.921873,1204
2524.670697,720,43068.25634,1477
2072.844681,720,43092.256851,1173
2046.185327,720,43116.469501,1170
1273.747393,720,43140.449807,668
1623.804698,720,43167.736355,1012
2476.758749,720,43191.84057,1469
2089.905705,720,43216.541985,1150
1236.998865,720,43241.189157,807
2289.466395,720,43269.291323,1547
2137.347354,720,43296.512373,1260
1626.06603,720,43320.972157,1083
1255.415129,720,43344.74153,666
2277.148551,720,43369.357801,1367
2030.397144,720,43393.310538,1173
1697.464246,720,43417.774816,1089
2806.133733,720,43450.108823,1901
3280.996366,720,43477.85723,2028
2332.228151,720,43501.71542,1367
2450.573682,720,43525.861906,1468
2027.762821,720,43552.088522,1203
2949.548247,720,43578.568892,1808
2452.356484,720,43601.954852,1466
1707.721668,720,43625.10974,1087
2017.396044,720,43648.408724,1174
1557.977605,720,43673.209448,1009
1997.528836,720,43696.393188,1171
2391.740622,720,43722.447475,1541
2171.8141,720,43749.621021,1545
2232.871477,720,43777.03006,1546
3050.533229,720,43804.413442,2037
2177.310817,720,43827.844877,1153
3602.25443,720,43855.696101,2282
2249.905102,720,43879.215852,1391
1245.197238,720,43902.30235,809
3227.192772,720,43929.677541,2005
1991.286626,720,43953.014282,1171
1735.282877,720,43976.344188,1087
1300.094553,720,44012.246897,807
2490.757608,720,44029.922656,1556
1758.377021,720,44043.903873,1088
2703.008662,720,44061.23843,1712
3150.735689,720,44079.167016,1901
