#{"t_start": 1786073861.771441, "env_id": "None"}
r,l,t
-7.2,144,2.049625
-7.2,144,2.682367
-7.8,144,3.473784
-6.2,144,5.045295
-4.8,144,6.541034
-6.4,144,8.195315
-7.2,144,9.492448
-8.0,144,11.211116
-6.2,144,13.527793
-6.8,144,14.776766
-6.8,144,16.359632
-7.8,144,17.301229
-6.4,144,18.192298
-6.8,144,18.957919
-5.6,144,20.237408
-6.4,144,21.128606
-7.2,144,22.023978
-6.8,144,22.747437
-6.2,144,23.592635
-6.6,144,24.558852
-6.6,144,25.372102
-6.8,144,26.096055
-6.4,144,27.015619
-6.2,144,28.080497
-6.0,144,28.80253
-6.4,144,29.795697
-7.0,144,30.722094
-7.4,144,31.524502
-6.2,144,32.295927
-6.8,144,33.337082
-6.0,144,34.507457
-5.4,144,35.664893
-6.6,144,37.13951
-7.0,144,38.191193
-7.0,144,39.009398
-6.0,144,39.710725
-6.6,144,40.597498
-6.4,144,41.796413
-6.0,144,42.645702
-7.2,144,43.319242
-5.0,144,44.380989
-6.4,144,45.164313
-6.6,144,45.882007
-7.6,144,46.951862
-6.2,144,47.843999
-6.6,144,48.581725
-6.6,144,49.240544
-6.4,144,50.079286
-7.4,144,50.90918
-5.6,144,51.677143
-5.6,144,53.081013
-7.4,144,54.00902
-6.2,144,54.729241
-6.6,144,55.573157
-7.4,144,56.602043
-6.4,144,57.722875
-6.6,144,58.827109
-5.8,144,59.515199
-6.2,144,60.457287
-5.8,144,61.239045
-6.2,144,61.91601
-5.0,144,62.987875
-5.8,144,64.116961
-6.4,144,64.945992
-6.4,144,66.15258
-7.2,144,67.221519
-6.8,144,68.444415
-6.6,144,69.199843
-6.0,144,70.086308
-5.8,144,71.209008
-7.0,144,71.99953
-6.4,144,72.753251
-6.4,144,73.738469
-6.8,144,74.512016
-5.6,144,75.112908
-6.0,144,75.880453
-6.2,144,76.619417
-6.4,144,77.362665
-6.2,144,78.192106
-6.2,144,79.138014
-6.4,144,79.880895
-6.0,144,80.677495
-6.0,144,81.907175
-6.8,144,82.78308
-6.6,144,83.74447
-6.6,144,84.39446
-6.2,144,85.341851
-6.2,144,86.402266
-5.8,144,87.13989
-6.2,144,88.332128
-5.0,144,89.193714
-5.4,144,89.98019
-6.8,144,90.643533
-6.0,144,91.548835
-6.4,144,92.462277
-4.8,144,93.374404
-6.4,144,94.034749
-6.8,144,95.267699
-7.6,144,96.014721
-5.2,144,96.814318
-5.8,144,97.820532
-4.8,144,98.746878
-6.4,144,99.836194
-5.2,144,100.442349
-6.6,144,101.255008
-5.2,144,102.021202
-6.6,144,102.726417
-6.4,144,103.906983
-6.2,144,104.694813
-5.6,144,105.506073
-6.2,144,106.154208
-6.4,144,106.952794
-6.6,144,107.902555
-5.8,144,108.576062
-6.0,144,109.839117
-6.0,144,110.810783
-5.8,144,111.78977
-6.4,144,112.370505
-7.0,144,113.186993
-7.0,144,114.067907
-7.8,144,114.966696
-7.0,144,116.305507
-5.2,144,117.344235
-6.0,144,118.22939
-6.8,144,119.501243
-5.0,144,120.674228
-6.2,144,121.884406
-7.2,144,123.144127
-5.6,144,123.846289
-6.0,144,124.752609
-7.0,144,125.812821
-6.0,144,126.52042
-6.0,144,127.84602
-6.0,144,128.758143
-5.4,144,129.546692
-5.6,144,130.232127
-6.4,144,131.167209
-6.6,144,132.011395
-6.2,144,132.71037
-6.0,144,134.035097
-6.2,144,135.092908
-5.4,144,136.101321
-6.6,144,136.782197
-5.2,144,137.828137
-6.4,144,138.946928
-6.6,144,139.827481
-6.2,144,141.06608
-6.4,144,142.096859
-5.4,144,142.961555
-5.8,144,143.671803
-6.2,144,144.756518
-5.0,144,146.724146
-6.8,144,148.209667
-6.8,144,148.857808
-4.8,144,149.763865
-6.2,144,150.642527
-5.6,144,151.317902
-5.8,144,152.064427
-5.8,144,153.112595
-6.0,144,153.882316
-7.4,144,154.632925
-5.2,144,155.544829
-5.6,144,156.407111
-6.2,144,157.084293
-6.6,144,157.838827
-4.2,144,158.74371
-5.6,144,159.954213
-5.6,144,160.592387
-5.6,144,161.93952
-6.2,144,163.342673
-7.2,144,164.06946
-5.6,144,165.271193
-5.4,144,166.143002
-5.0,144,166.943701
-6.0,144,167.587704
-5.6,144,168.479752
-6.0,144,169.339835
-4.8,144,170.096257
-5.0,144,170.756975
-4.6,144,171.729427
-6.2,144,172.505697
-5.4,144,173.159471
-4.6,144,174.297045
-6.0,144,175.071855
-6.6,144,175.841532
-6.8,144,176.655985
-6.2,144,177.553401
-6.0,144,178.711906
-6.0,144,179.792321
-5.8,144,181.197847
-5.2,144,182.202864
-5.8,144,183.069544
-6.2,144,184.038085
-5.8,144,184.962465
-6.4,144,186.500873
-7.0,144,187.259443
-5.8,144,188.072183
-6.4,144,188.903934
-5.8,144,189.975055
-4.6,144,190.576157
-6.2,144,191.527147
-6.4,144,192.336652
-5.4,144,193.088415
-4.8,144,193.749107
-5.2,144,194.590842
-5.6,144,195.436147
-6.4,144,196.151724
-5.2,144,196.798374
-7.2,144,197.657668
-4.6,144,198.436523
-5.8,144,199.100377
-7.4,144,199.981291
-5.6,144,200.775914
-5.2,144,201.545775
-5.6,144,202.709429
-6.2,144,203.527684
-4.8,144,204.285683
-4.4,144,204.902019
-5.4,144,205.723834
-5.0,144,206.49291
-5.6,144,207.20266
-5.4,144,207.797364
-5.4,144,208.691818
-4.4,144,209.4937
-6.0,144,210.132512
-5.8,144,211.043585
-6.0,144,211.984796
-6.4,144,212.735175
-6.2,144,213.429365
-6.4,144,214.291094
-7.2,144,215.175342
-6.2,144,215.890238
-5.8,144,217.080831
-5.6,144,218.282441
-5.6,144,219.428726
-5.0,144,220.138852
-6.0,144,221.61768
-7.2,144,222.805293
-5.2,144,223.837427
-6.8,144,224.631871
-4.0,144,225.453854
-5.6,144,226.252286
-6.0,144,226.949157
-5.2,144,228.383729
-5.8,144,229.526221
-5.2,144,230.277199
-6.0,144,230.950332
-5.6,144,231.92429
-5.6,144,232.880752
-5.2,144,233.609304
-5.4,144,234.507477
-5.6,144,235.361397
-5.6,144,236.111792
-6.2,144,236.787545
-6.2,144,237.75831
-5.6,144,238.652084
-5.6,144,239.375858
-4.8,144,240.269245
-4.6,144,241.258817
-4.0,144,242.107614
-4.6,144,242.719208
-5.6,144,243.554551
-5.6,144,244.379081
-5.4,144,245.081988
-5.8,144,245.806328
-6.8,144,246.561237
-5.0,144,247.323203
-5.8,144,247.938317
-5.4,144,248.711633
-5.2,144,249.517668
-5.8,144,250.393567
-6.2,144,251.143389
-5.4,144,252.562011
-5.8,144,253.528653
-5.4,144,254.449677
-5.8,144,255.352877
-6.4,144,256.541348
-5.8,144,257.342139
-6.6,144,258.005432
-4.8,144,258.870299
-6.2,144,259.770736
-6.6,144,260.446467
-5.6,144,261.622085
-5.6,144,262.601438
-5.6,144,263.510295
-5.2,144,264.178211
-6.0,144,265.131977
-5.8,144,265.996346
-6.4,144,266.686321
-4.6,144,267.880957
-4.8,144,268.712209
-5.6,144,269.744844
-4.6,144,270.377211
-5.2,144,271.298028
-5.8,144,272.218263
-5.8,144,272.953456
-5.6,144,274.116503
-4.2,144,275.145989
-5.0,144,276.009153
-3.8,144,276.629917
-6.0,144,277.511743
-6.4,144,278.740873
-5.2,144,279.870757
-5.6,144,280.539301
-4.0,144,281.60123
-5.8,144,282.595473
-6.8,144,283.421443
-5.2,144,284.076812
-6.2,144,284.987723
-5.8,144,286.386115
-4.4,144,287.176311
-4.6,144,288.061813
-5.0,144,289.112599
-4.0,144,289.80544
-5.6,144,290.694641
-6.2,144,291.907755
-5.4,144,292.8035
-4.4,144,293.464985
-5.6,144,295.322628
-6.0,144,296.589082
-4.8,144,297.496704
-5.0,144,298.296049
-6.4,144,299.17965
-5.4,144,300.125144
-4.4,144,300.833371
-5.0,144,301.738877
-4.2,144,302.720992
-5.2,144,303.546637
-5.2,144,304.304242
-4.8,144,305.289981
-5.6,144,306.273054
-4.6,144,307.046894
-6.0,144,308.282808
-4.0,144,309.106721
-6.4,144,309.907619
-4.0,144,310.685972
-5.4,144,311.578053
-6.2,144,312.561389
-5.4,144,313.373316
-4.6,144,314.09159
-4.8,144,315.082712
-5.0,144,315.909038
-3.2,144,316.696093
-5.2,144,317.810262
-4.6,144,318.670548
-5.0,144,319.435074
-5.2,144,321.184735
-6.6,144,322.258377
-5.4,144,323.065334
-5.6,144,323.77404
-5.0,144,324.675634
-5.2,144,325.460686
-5.8,144,326.22102
-4.8,144,326.850797
-5.2,144,327.73934
-4.4,144,328.64977
-5.4,144,329.369277
-5.4,144,330.11861
-7.0,144,331.193996
-4.4,144,332.293515
-5.8,144,333.276636
-4.2,144,334.107224
-4.2,144,334.997886
-4.4,144,336.20832
-4.8,144,337.751688
-4.4,144,339.373683
-5.4,144,340.272713
-5.0,144,340.952722
-7.0,144,342.105346
-5.0,144,343.109601
-4.0,144,343.94291
-5.8,144,344.724859
-4.0,144,345.933839
-6.4,144,346.859516
-4.8,144,347.592438
-5.6,144,348.62126
-4.4,144,350.108852
-5.2,144,350.891083
-5.8,144,351.535958
-5.0,144,352.761535
-4.4,144,353.927949
-6.0,144,354.731819
-4.4,144,355.624459
-5.0,144,356.533829
-4.0,144,357.935441
-6.0,144,358.819618
-3.8,144,359.930455
-5.8,144,360.854584
-4.8,144,362.029261
-3.8,144,362.788896
-4.4,144,363.913594
-5.2,144,364.68482
-4.4,144,365.596545
-4.6,144,366.379494
-4.8,144,367.151777
-4.8,144,367.835465
-4.8,144,368.759331
-4.2,144,369.64154
-5.4,144,370.417218
-4.2,144,371.235696
-5.6,144,372.602558
-4.6,144,373.999936
-5.2,144,375.630809
-4.0,144,376.369931
-5.0,144,377.806582
-5.2,144,379.095826
-5.0,144,380.297546
-5.4,144,382.048563
-4.2,144,383.070942
-4.4,144,383.926049
-3.8,144,384.61021
-5.4,144,385.520736
-5.8,144,386.704227
-3.0,144,387.418599
-4.0,144,388.777908
-6.2,144,389.73948
-3.4,144,390.719284
-4.4,144,391.640384
-4.4,144,392.561754
-4.6,144,393.668977
-5.2,144,394.49933
-6.0,144,395.375001
-4.8,144,396.674901
-4.8,144,397.54771
-5.0,144,398.245188
-4.4,144,399.167605
-3.4,144,400.063319
-4.0,144,400.819428
-5.4,144,401.742241
-3.8,144,402.597688
-5.4,144,403.627521
-2.8,144,404.614388
-5.0,144,405.841208
-5.2,144,406.684927
-3.4,144,407.441613
-4.8,144,408.070756
-5.4,144,408.826285
-5.2,144,409.574994
-5.0,144,410.260016
-3.6,144,410.903965
-4.6,144,411.788813
-4.4,144,412.588211
-5.2,144,413.238773
-3.0,144,414.122659
-5.2,144,414.96804
-5.2,144,415.720915
-5.0,144,416.889939
-5.8,144,417.811419
-4.4,144,418.808378
-4.0,144,419.415274
-2.8,144,420.212422
-5.4,144,421.029987
-3.8,144,421.769238
-3.0,144,422.561626
-4.0,144,423.51931
-5.0,144,424.417929
-3.4,144,425.059961
-5.2,144,425.747987
-4.2,144,426.579752
-5.2,144,427.366883
-4.6,144,428.052368
-4.2,144,429.138612
-3.0,144,430.169106
-3.2,144,431.16339
-5.8,144,431.854642
-3.8,144,432.907373
-3.2,144,434.072004
-2.4,144,434.713462
-4.8,144,435.851157
-4.2,144,437.847578
-5.2,144,438.622396
-4.8,144,439.352439
-4.4,144,440.464176
-3.2,144,441.338712
-3.6,144,442.379683
-3.4,144,443.287641
-4.8,144,444.046123
-3.0,144,444.797068
-4.4,144,446.184381
-3.8,144,447.048185
-3.8,144,447.907897
-3.4,144,449.130249
-4.0,144,449.89278
-5.0,144,450.904348
-4.8,144,451.753596
-3.8,144,452.543532
-3.0,144,453.333787
-4.2,144,454.126731
-4.4,144,454.823551
-4.0,144,455.498221
-3.8,144,456.272843
-2.4,144,457.009384
-4.8,144,457.690521
-6.0,144,458.505627
-5.4,144,459.945698
-3.2,144,463.00374
-5.6,144,464.258792
-4.8,144,465.596932
-4.4,144,467.280789
-3.8,144,468.492968
-5.6,144,469.74984
-4.0,144,471.176012
-5.0,144,471.970138
-4.0,144,473.234249
-4.2,144,474.53943
-3.0,144,475.29385
-5.2,144,475.959606
-4.6,144,477.961105
-4.0,144,479.712274
-5.4,144,484.107698
-4.2,144,487.762277
-4.4,144,490.960815
-3.6,144,493.029159
-3.0,144,494.976603
-4.0,144,496.892219
-2.8,144,499.237336
-3.0,144,501.143338
-3.2,144,503.239119
-3.6,144,504.384682
-3.4,144,505.624236
-2.8,144,507.250209
-2.8,144,508.458326
-4.6,144,509.798818
-5.4,144,510.728816
-4.0,144,511.657322
-3.6,144,512.89347
-5.0,144,513.775938
-3.6,144,514.646894
-4.6,144,515.618414
-4.8,144,516.813886
-3.0,144,518.660969
-3.6,144,519.489724
-4.8,144,520.365372
-4.4,144,521.321539
-5.0,144,522.210458
-3.2,144,523.818388
-4.4,144,526.317451
-3.6,144,528.114052
-4.0,144,529.833985
-3.8,144,531.932763
-4.0,144,533.700713
-2.8,144,535.366668
-4.0,144,536.405602
-4.2,144,537.449264
-4.6,144,539.142454
-4.6,144,540.074747
-3.6,144,541.51515
-3.2,144,542.686549
-5.6,144,544.764107
-3.2,144,545.99683
-5.4,144,548.039741
-3.8,144,550.457974
-3.2,144,552.680475
-4.0,144,554.836298
-4.0,144,557.55332
-5.2,144,559.191083
-2.4,144,560.648214
-3.8,144,562.171049
-2.6,144,564.23341
-4.2,144,566.598604
-3.4,144,568.539299
-4.4,144,570.075568
-3.6,144,571.641819
-3.6,144,573.796581
-3.2,144,575.723649
-4.0,144,577.63816
-3.4,144,579.663218
-3.2,144,583.274898
-4.2,144,585.94061
-3.8,144,588.607283
-4.4,144,590.94232
-3.2,144,592.539934
-3.2,144,593.326124
-3.6,144,594.314654
-3.2,144,594.992156
-4.0,144,596.248982
-3.4,144,597.419837
-3.8,144,598.352873
-4.6,144,599.217849
-3.8,144,600.292895
-3.2,144,601.382581
-3.2,144,602.620631
-4.6,144,603.793697
-2.4,144,604.657361
-4.4,144,606.381776
-3.0,144,608.12171
-2.4,144,610.579396
-3.8,144,613.181263
-3.2,144,614.714912
-3.0,144,616.660138
-3.4,144,618.348464
-4.2,144,619.206661
-4.0,144,619.992065
-4.2,144,621.093076
-2.6,144,622.673509
-3.6,144,623.593181
-3.4,144,625.100729
-2.8,144,626.200299
-2.0,144,627.993287
-3.0,144,629.003831
-3.8,144,630.198898
-2.0,144,631.567618
-4.0,144,632.499331
-3.6,144,633.342314
-4.6,144,634.378946
-4.0,144,635.448029
-3.4,144,636.620653
-3.2,144,637.833382
-2.2,144,639.031503
-3.6,144,640.16058
-3.4,144,641.088977
-3.4,144,642.045916
-3.6,144,643.288752
-2.6,144,644.11287
-4.0,144,644.865392
-3.0,144,646.3991
-3.2,144,647.418111
-3.0,144,648.565325
-3.2,144,650.331661
-3.4,144,651.613397
-3.8,144,652.630542
-2.8,144,653.597512
-4.4,144,654.499983
-3.4,144,655.437066
-3.2,144,656.397669
-2.6,144,657.961439
-2.8,144,658.903658
-2.6,144,660.185353
-4.0,144,660.98072
-2.8,144,662.050483
-4.6,144,663.084903
-1.4,144,663.823237
-4.0,144,664.781768
-4.0,144,665.79286
-4.2,144,666.547509
-2.4,144,667.308079
-2.4,144,668.268389
-3.8,144,669.481427
-4.0,144,670.409144
-5.2,144,671.46179
-3.4,144,672.586473
-3.8,144,673.451594
-3.4,144,674.477914
-4.2,144,675.354835
-4.4,144,676.390712
-3.8,144,677.294397
-3.6,144,678.198009
-4.2,144,678.99452
-3.8,144,679.754653
-2.8,144,680.524325
-3.2,144,681.529399
-1.8,144,682.352376
-3.4,144,683.234338
-3.0,144,683.956597
-4.4,144,684.680436
-3.2,144,685.425374
-2.2,144,686.138377
-3.0,144,686.967177
-3.0,144,687.956538
-3.8,144,688.811383
-3.4,144,689.562596
-3.6,144,690.560869
-2.6,144,691.800746
-3.6,144,692.49416
-4.0,144,693.338817
-3.2,144,694.777967
-2.2,144,695.837159
-2.8,144,696.648198
-3.2,144,697.710183
-4.2,144,698.648806
-2.4,144,699.501086
-3.0,144,700.483403
-2.2,144,701.358995
-3.6,144,702.38179
-3.4,144,703.25174
-3.4,144,704.127121
-3.8,144,705.071289
-4.6,144,706.159704
-3.0,144,706.98605
-1.8,144,707.943282
-2.6,144,708.970778
-3.4,144,709.712688
-2.0,144,710.811002
-2.8,144,711.731522
-2.0,144,712.861264
-2.8,144,713.617877
-3.0,144,714.804725
-3.0,144,715.859863
-2.8,144,716.812365
-4.0,144,717.689584
-2.4,144,718.853232
-2.6,144,719.68909
-2.8,144,720.609339
-3.0,144,721.473662
-2.6,144,722.33809
-3.0,144,723.189438
-2.8,144,724.194824
-2.0,144,725.24279
-1.6,144,726.143161
-3.0,144,727.020454
-2.8,144,727.827868
-3.0,144,729.10269
-2.6,144,729.858994
-3.6,144,730.526332
-2.4,144,731.46396
-3.4,144,732.29908
-2.8,144,733.22631
-3.4,144,733.906371
-2.6,144,735.294179
-3.2,144,736.203158
-2.2,144,737.702843
-3.4,144,739.21561
-3.4,144,740.076018
-3.4,144,740.8003
-1.4,144,742.115855
-2.2,144,742.96455
-2.8,144,743.742696
-2.6,144,744.57321
-2.4,144,745.405935
-3.6,144,746.150979
-2.8,144,746.979332
-4.0,144,748.277939
-2.2,144,749.436998
-2.6,144,750.492499
-3.8,144,751.238076
-2.8,144,752.114333
-2.0,144,752.947383
-2.8,144,753.840665
-4.2,144,754.533796
-3.4,144,755.562197
-1.4,144,756.389841
-2.2,144,757.215523
-3.2,144,758.248813
-3.6,144,759.615019
-3.2,144,761.575259
-2.2,144,762.236048
-2.0,144,763.106693
-2.8,144,763.891707
-2.4,144,764.58702
-2.4,144,765.339235
-2.6,144,766.167774
-2.4,144,766.904622
-3.8,144,767.620869
-2.0,144,768.441135
-2.8,144,769.183918
-3.4,144,770.358637
-3.8,144,771.283123
-3.2,144,772.035124
-2.4,144,772.890274
-2.2,144,773.662
-2.4,144,774.485608
-3.6,144,775.337375
-2.4,144,776.088531
-2.6,144,777.127415
-1.8,144,778.043225
-2.6,144,779.398637
-2.2,144,780.235963
-2.4,144,781.198292
-1.4,144,782.422235
-0.8,144,784.183712
-1.8,144,786.440577
-2.8,144,788.152764
-4.0,144,790.396478
-2.6,144,792.192737
-3.0,144,793.997214
-4.4,144,795.732512
-1.8,144,796.565246
-4.4,144,797.334581
-1.4,144,798.223967
-3.2,144,799.153926
-1.4,144,800.02816
-2.4,144,800.883703
-2.6,144,801.974367
-3.4,144,803.138531
-3.2,144,803.970307
-1.8,144,804.912302
-1.6,144,805.870975
-1.6,144,806.968409
-2.0,144,807.562715
-2.6,144,808.686549
-2.8,144,809.881123
-2.2,144,810.833529
-2.8,144,811.925836
-2.8,144,813.116819
-3.6,144,813.933965
-2.6,144,814.72067
-2.8,144,815.864423
-2.6,144,816.996016
-2.4,144,817.995443
-2.4,144,818.972079
-2.4,144,820.246835
-2.4,144,821.09007
-2.4,144,821.736603
-1.2,144,822.595227
-3.0,144,823.427511
-2.0,144,824.192637
-1.2,144,824.920965
-2.0,144,825.71716
-2.8,144,826.480113
-1.6,144,827.216224
-2.4,144,828.753366
-2.0,144,830.005243
-3.0,144,831.051952
-3.0,144,831.861789
-3.0,144,832.719986
-2.8,144,833.528316
-1.4,144,834.304274
-3.0,144,835.358155
-1.8,144,836.281445
-1.8,144,837.146698
-2.4,144,837.927647
-1.6,144,838.943943
-1.6,144,839.805122
-2.2,144,840.509305
-1.0,144,841.908991
-1.4,144,842.812834
-3.0,144,843.627738
-1.6,144,844.39394
-1.0,144,845.362749
-3.4,144,846.32669
-0.8,144,847.114482
-2.4,144,847.954295
-1.8,144,848.884106
-2.0,144,849.906588
-2.2,144,850.616138
-1.8,144,851.63744
-2.0,144,852.513465
-2.4,144,853.302238
-2.2,144,854.126058
-2.4,144,855.013071
-1.4,144,856.182847
-1.6,144,857.007123
-2.4,144,857.983901
-2.4,144,858.997768
-0.8,144,859.802878
-2.8,144,861.226551
-1.2,144,861.99705
-3.4,144,863.162746
-1.6,144,863.909769
-2.6,144,865.179518
-2.2,144,866.215249
-1.6,144,867.355393
-1.4,144,868.118566
-1.2,144,869.30996
-2.0,144,870.340186
-2.4,144,871.166937
-2.4,144,871.959322
-1.2,144,873.712732
-1.6,144,875.014275
-1.0,144,875.881509
-2.2,144,876.919005
-1.2,144,877.972042
-2.0,144,879.299262
-2.2,144,880.077834
-1.4,144,881.184989
-1.0,144,882.098676
-2.0,144,882.938779
-2.4,144,883.751484
-1.2,144,884.826119
-1.4,144,886.525629
-1.8,144,888.264539
-2.8,144,889.306079
-1.4,144,890.289273
-1.2,144,891.310323
-1.8,144,892.506059
-1.4,144,893.31345
-2.0,144,894.217399
-1.4,144,895.395373
-1.8,144,896.317708
-0.6,144,897.150782
-0.6,144,897.904973
-2.0,144,898.62342
-2.2,144,899.746948
-0.4,144,900.555773
-1.6,144,901.300688
-2.6,144,902.290796
-1.4,144,903.505653
-1.6,144,904.219773
-1.6,144,904.881746
-1.2,144,905.846666
-1.8,144,906.788052
-1.2,144,908.439991
-1.2,144,909.466991
-1.4,144,910.624492
-2.0,144,911.437006
-2.0,144,912.327293
-2.4,144,914.114905
-1.2,144,915.376385
-1.0,144,916.226301
-1.6,144,917.127892
-3.0,144,918.083495
-1.4,144,919.529885
-1.0,144,920.214305
-2.2,144,921.116715
-1.4,144,921.996852
-1.4,144,922.740048
-1.2,144,923.427952
-2.4,144,924.392455
-1.4,144,925.400827
-0.8,144,926.058736
-1.2,144,927.000244
-0.8,144,927.815314
-1.6,144,928.700426
-1.8,144,929.337453
-0.8,144,930.209609
-1.2,144,931.040316
-0.6,144,931.729725
-0.6,144,932.411942
-1.4,144,933.196522
-1.6,144,933.98301
-1.8,144,934.624603
-2.2,144,935.429014
-1.0,144,936.207588
-1.2,144,936.922499
-0.6,144,937.564776
-3.4,144,938.332383
-2.0,144,939.099208
-1.0,144,939.70276
-0.8,144,940.451562
-0.6,144,941.217791
-1.4,144,941.969989
-1.2,144,942.588537
-2.2,144,943.361199
-1.6,144,944.151117
-1.6,144,944.779934
-1.2,144,945.572453
-0.6,144,946.365754
-1.6,144,947.119493
-1.8,144,947.746139
-2.2,144,948.509924
-1.0,144,949.32726
-1.4,144,950.02915
-1.2,144,950.697515
-0.8,144,951.464282
-1.6,144,952.216076
-2.0,144,952.8232
-1.0,144,953.580003
-1.8,144,954.350421
-0.2,144,955.132601
-1.4,144,955.773919
-1.6,144,956.537573
-0.8,144,957.315138
-0.4,144,957.946104
-0.8,144,958.721727
-1.2,144,959.492156
-1.2,144,960.242312
-1.0,144,960.880096
-1.2,144,961.652137
-1.0,144,962.412803
-0.8,144,963.031633
-0.2,144,963.826509
-0.6,144,964.618165
-0.6,144,965.412219
-0.4,144,966.039399
-1.0,144,966.809819
-1.2,144,967.579492
-1.0,144,968.267435
-1.2,144,968.930783
-1.6,144,969.692775
-0.4,144,970.447417
-0.8,144,971.068462
-0.4,144,971.855014
-0.6,144,972.60853
-1.2,144,973.329205
-1.4,144,974.005143
-1.2,144,974.794821
-1.6,144,975.60071
-0.6,144,976.263784
-0.8,144,977.047539
-1.4,144,977.825697
-0.8,144,978.621099
-1.2,144,979.261747
-0.8,144,980.035431
-0.2,144,980.820483
-0.8,144,981.450251
-0.8,144,982.229712
-0.2,144,983.016778
-0.8,144,983.810506
-0.6,144,984.468248
-1.6,144,985.23741
-1.2,144,986.024019
-1.6,144,986.707409
-0.6,144,987.435933
-1.2,144,988.244675
-0.4,144,989.041023
-1.4,144,989.702462
-1.2,144,990.497625
-1.2,144,991.28325
-0.6,144,991.986768
-0.8,144,992.652617
-0.4,144,993.463057
-0.2,144,994.25626
-0.8,144,994.881865
-0.6,144,995.640447
-0.8,144,996.409027
-0.6,144,997.266114
-0.4,144,997.89028
-0.2,144,998.66365
-0.2,144,999.435322
-1.0,144,1000.247566
-0.6,144,1001.272604
-0.2,144,1002.036963
-1.0,144,1002.793825
-1.4,144,1003.437868
-1.2,144,1004.238564
-1.0,144,1005.080535
-0.6,144,1005.835655
-0.6,144,1006.600988
-0.4,144,1007.557572
-0.2,144,1008.401731
-1.2,144,1009.059632
-0.2,144,1009.858725
-0.6,144,1010.677605
-0.6,144,1011.388219
-0.6,144,1012.020157
-1.0,144,1012.784751
-0.8,144,1013.580076
-0.4,144,1014.193541
-0.4,144,1014.969972
-0.6,144,1015.782566
-0.4,144,1016.526448
-0.2,144,1017.167637
-0.2,144,1017.951384
-0.6,144,1018.792743
-0.4,144,1019.450839
-0.8,144,1020.264697
-0.6,144,1021.070946
-0.8,144,1021.85892
-0.2,144,1022.488117
-0.4,144,1023.27472
-0.6,144,1024.143465
-0.2,144,1024.842363
-0.6,144,1025.521623
-0.2,144,1026.310863
-0.2,144,1027.240271
-0.2,144,1027.864762
-0.4,144,1028.646677
-0.8,144,1029.42195
-0.2,144,1030.113719
-0.2,144,1030.766712
-0.2,144,1031.544003
-0.2,144,1032.329779
-0.2,144,1032.964196
-0.6,144,1033.809976
-0.4,144,1034.601517
-0.2,144,1035.397428
-0.2,144,1036.037394
-0.8,144,1036.819422
-0.2,144,1037.621964
-0.2,144,1038.326991
-0.2,144,1039.150347
-0.2,144,1039.954534
-0.2,144,1040.743515
-1.0,144,1041.36466
-1.4,144,1042.128528
-0.2,144,1042.909824
-0.2,144,1043.577377
-0.6,144,1044.227651
-0.2,144,1045.004122
-0.2,144,1045.782223
-0.2,144,1046.396563
-0.2,144,1047.183481
-0.2,144,1047.977089
-0.6,144,1048.706824
-0.6,144,1049.361001
-0.2,144,1050.230396
-0.6,144,1051.031562
-0.4,144,1051.667711
-0.4,144,1052.460965
-0.2,144,1053.271538
-0.6,144,1054.071573
-0.6,144,1054.728673
-0.2,144,1055.544625
-0.2,144,1056.333611
-0.6,144,1056.970244
-0.6,144,1057.75528
-0.4,144,1058.55138
-0.4,144,1059.335093
-1.0,144,1059.98083
-0.2,144,1060.787176
-0.6,144,1061.567724
-0.6,144,1062.24397
-1.2,144,1062.909675
-0.2,144,1063.691209
-0.2,144,1064.485754
-0.2,144,1065.138629
-0.6,144,1066.081246
-0.6,144,1066.842499
-0.6,144,1067.89599
-0.2,144,1069.099231
-0.2,144,1070.100735
-0.2,144,1070.927424
-1.0,144,1071.571904
-0.2,144,1072.328834
-0.6,144,1073.30766
-0.6,144,1074.788763
-0.4,144,1075.526722
-0.2,144,1076.606647
-0.8,144,1077.47418
-0.2,144,1078.100968
-0.2,144,1079.687574
-0.6,144,1081.411744
-0.2,144,1083.248706
-0.2,144,1084.063659
-0.2,144,1086.668692
-0.2,144,1088.700574
-0.2,144,1089.420953
-0.6,144,1090.282255
-0.2,144,1091.36982
-0.4,144,1092.20004
-0.6,144,1092.895642
-0.2,144,1094.508165
-0.2,144,1095.464695
-0.2,144,1096.186869
-1.4,144,1096.999017
-0.2,144,1097.78142
-0.6,144,1098.55455
-0.6,144,1099.18513
-0.8,144,1099.974176
-0.4,144,1100.75263
-1.6,144,1101.682552
-0.4,144,1102.474359
-0.2,144,1103.345835
-1.0,144,1104.28028
-0.8,144,1104.947026
-0.2,144,1105.771821
-0.2,144,1106.599151
-0.2,144,1107.408938
-0.2,144,1108.079805
-0.2,144,1108.955518
-0.6,144,1109.991521
-0.8,144,1110.71931
-0.2,144,1112.007667
-0.8,144,1113.071946
-0.2,144,1113.960163
-0.4,144,1114.632511
-0.2,144,1115.44848
-1.0,144,1116.215233
-0.2,144,1116.934499
-0.2,144,1117.579412
-0.2,144,1118.37566
-1.0,144,1119.157822
-0.2,144,1119.780409
-0.8,144,1120.554353
-0.2,144,1121.383359
-0.2,144,1122.17383
-0.4,144,1122.872546
-0.2,144,1123.685057
-0.6,144,1124.478211
-0.4,144,1125.117637
-0.2,144,1125.921655
-0.6,144,1126.714543
-0.2,144,1127.507419
-0.2,144,1128.160996
-0.2,144,1128.929255
-0.4,144,1129.708395
-0.2,144,1130.38803
-0.2,144,1131.050573
-0.2,144,1131.825685
-0.2,144,1132.599625
-0.2,144,1133.2191
-0.2,144,1133.99754
-0.2,144,1134.771467
-0.2,144,1135.474125
-0.6,144,1136.112483
-0.2,144,1136.923328
-0.8,144,1137.7111
-0.2,144,1138.353907
-0.2,144,1139.131638
-0.8,144,1139.916939
-0.2,144,1140.732874
-0.2,144,1141.38835
-0.6,144,1142.18759
-0.2,144,1142.958298
-0.2,144,1143.568217
-0.4,144,1144.351358
-0.2,144,1145.169962
-0.6,144,1145.915682
-0.6,144,1146.53085
-0.2,144,1147.302886
-0.2,144,1148.075887
-0.2,144,1148.741071
-0.2,144,1149.389029
-0.2,144,1150.15589
-0.2,144,1150.945697
-0.2,144,1151.581487
-0.6,144,1152.369281
-0.4,144,1153.153094
-0.4,144,1153.865157
-0.2,144,1154.524565
-0.2,144,1155.338133
-0.2,144,1156.134305
-0.2,144,1156.777997
-0.6,144,1157.54359
-0.6,144,1158.317121
-0.6,144,1159.053573
-0.6,144,1159.677097
-0.2,144,1160.440774
-0.4,144,1161.207608
-0.2,144,1161.829025
-0.2,144,1162.600189
-0.4,144,1163.360462
-1.0,144,1164.122812
-0.2,144,1164.75268
-0.8,144,1165.537745
-1.0,144,1166.356748
-0.2,144,1167.253094
-0.2,144,1168.706104
-0.2,144,1169.492959
-0.2,144,1170.289288
-0.2,144,1170.940689
-0.2,144,1171.7378
-0.2,144,1172.535281
-0.2,144,1173.245654
-0.2,144,1173.8939
-0.2,144,1174.680922
-0.2,144,1175.461473
-0.2,144,1176.090063
-0.2,144,1176.858068
-0.2,144,1177.632287
-0.2,144,1178.37428
-0.8,144,1179.059027
-0.6,144,1179.835033
-0.2,144,1180.613603
-0.2,144,1181.258247
-0.2,144,1182.055509
-0.4,144,1182.838757
-0.2,144,1183.631409
-0.2,144,1184.268135
-0.2,144,1185.070959
-0.4,144,1185.859448
-0.6,144,1186.581299
-0.2,144,1187.268471
-0.6,144,1188.02734
-0.6,144,1188.786677
-0.8,144,1189.409351
-0.6,144,1190.167133
-0.8,144,1190.937365
-0.2,144,1191.632648
-0.2,144,1192.276733
-0.6,144,1193.05061
-0.2,144,1193.844658
-0.4,144,1194.457671
-0.2,144,1195.237502
-0.2,144,1196.006631
-0.2,144,1196.838466
-0.2,144,1197.552545
-0.6,144,1198.33298
-0.2,144,1199.210913
-1.0,144,1199.846404
-0.2,144,1200.71543
-0.2,144,1201.584217
-0.2,144,1202.364132
-0.2,144,1203.025613
-0.4,144,1203.803481
-0.2,144,1204.58293
-0.6,144,1205.267568
-0.2,144,1205.921353
-0.2,144,1206.692254
-0.2,144,1207.45234
-0.2,144,1208.073821
-1.0,144,1208.865173
-0.2,144,1209.812124
-0.2,144,1210.541657
-0.4,144,1211.717142
-0.2,144,1212.571896
-0.2,144,1213.423642
-0.2,144,1214.572846
-0.6,144,1215.353645
-0.2,144,1216.158862
-0.2,144,1216.95591
-0.2,144,1217.60501
-0.6,144,1218.465442
-0.2,144,1219.27175
-0.2,144,1219.893946
-0.2,144,1220.767791
-0.4,144,1221.63911
-0.2,144,1222.414835
-0.2,144,1223.103387
-0.2,144,1223.949675
-0.4,144,1224.734355
-0.2,144,1225.445433
-0.6,144,1226.199939
-0.4,144,1227.068448
-0.2,144,1227.851087
-0.2,144,1228.523411
-0.2,144,1229.342876
-0.2,144,1230.118889
-1.0,144,1230.84476
-0.2,144,1231.518219
-0.2,144,1232.439479
-0.2,144,1233.216156
-0.2,144,1233.859578
-0.2,144,1234.635102
-0.2,144,1235.539494
-0.8,144,1236.267542
-0.2,144,1236.940826
-0.4,144,1237.807291
-0.6,144,1238.602862
-0.2,144,1239.217006
-0.2,144,1240.124143
-0.4,144,1240.995599
-0.2,144,1241.769741
-0.2,144,1242.476682
-0.2,144,1243.428309
-0.2,144,1244.311261
-0.4,144,1244.990561
-0.2,144,1246.18755
-0.2,144,1246.957991
-0.6,144,1247.808244
-1.0,144,1248.452481
-0.4,144,1249.232336
-0.2,144,1250.017203
-0.2,144,1250.697588
-0.6,144,1251.324663
-0.4,144,1252.077421
-0.2,144,1252.834754
-0.2,144,1253.439081
-0.2,144,1254.182287
-0.2,144,1254.953365
-0.6,144,1255.689983
-0.2,144,1256.300384
-0.2,144,1257.067522
-0.2,144,1257.825249
-0.2,144,1258.462688
-0.4,144,1259.255136
-0.4,144,1260.050317
-0.2,144,1260.814467
-0.2,144,1261.439587
-0.2,144,1262.215695
-0.2,144,1263.024592
-0.2,144,1263.713774
-0.6,144,1264.368016
-0.2,144,1265.128313
-0.6,144,1265.879979
-0.2,144,1266.487928
-0.2,144,1267.249015
-0.2,144,1268.032384
-0.2,144,1268.732581
-1.0,144,1269.352004
-1.0,144,1270.119867
-0.8,144,1270.878581
-0.6,144,1271.48805
-0.6,144,1272.262977
-0.2,144,1273.05408
-0.2,144,1273.822154
-0.2,144,1274.457242
-0.2,144,1275.243774
-0.6,144,1276.013688
-0.2,144,1276.641564
-0.6,144,1277.432721
-0.2,144,1278.223889
-0.2,144,1279.007851
-0.2,144,1279.614872
-0.2,144,1280.3815
-0.2,144,1281.14707
-0.2,144,1281.923972
-0.2,144,1282.579234
-0.6,144,1283.339692
-0.2,144,1284.10086
-0.2,144,1284.702207
-0.2,144,1285.465581
-0.6,144,1286.230353
-0.2,144,1286.944748
-1.2,144,1287.577281
-0.6,144,1288.391577
-0.4,144,1289.181001
-0.2,144,1289.806893
-0.8,144,1290.591666
-0.6,144,1291.380609
-0.6,144,1292.156163
-0.2,144,1292.792263
-0.4,144,1293.583564
-1.0,144,1294.349444
-0.2,144,1294.958692
-0.2,144,1295.728012
-0.2,144,1296.505704
-0.4,144,1297.265606
-0.2,144,1297.901515
-0.2,144,1298.833879
-0.2,144,1299.740036
-0.2,144,1300.419316
-0.2,144,1301.095074
-0.2,144,1301.878417
-0.2,144,1302.664078
-0.2,144,1303.318123
-0.2,144,1304.106009
-0.2,144,1304.88015
-0.6,144,1305.585435
-0.6,144,1306.246454
-0.2,144,1307.056875
-0.2,144,1307.842724
-0.2,144,1308.477351
-0.6,144,1309.238687
-0.2,144,1310.002684
-0.2,144,1310.73781
-0.2,144,1311.353995
-0.2,144,1312.13143
-0.4,144,1312.895581
-0.2,144,1313.50459
-0.2,144,1314.273208
-1.0,144,1315.030588
-0.2,144,1315.812744
-1.4,144,1316.42127
-0.2,144,1317.205095
-0.2,144,1318.003335
-0.2,144,1318.68522
-0.6,144,1319.366318
-0.2,144,1320.134284
-0.2,144,1320.929179
-0.2,144,1321.570502
-1.0,144,1322.346965
-0.2,144,1323.156547
-0.2,144,1323.864404
-0.4,144,1324.496681
-0.6,144,1325.293808
-0.6,144,1326.078346
-0.6,144,1326.686112
-0.2,144,1327.454452
-0.6,144,1328.233745
-0.2,144,1328.972443
-0.2,144,1329.590608
-0.4,144,1330.354819
-0.2,144,1331.13346
-0.2,144,1331.762665
-0.2,144,1332.580315
-0.4,144,1333.380104
-0.2,144,1334.170726
-0.6,144,1334.796425
-0.6,144,1335.595158
-0.4,144,1336.406034
-0.2,144,1337.087456
-1.0,144,1337.759644
-0.8,144,1338.531227
-0.2,144,1339.304541
-0.2,144,1339.933812
-0.2,144,1340.703659
-0.2,144,1341.472212
-0.4,144,1342.177232
-0.2,144,1342.824755
-0.2,144,1343.599282
-0.4,144,1344.37587
-0.2,144,1345.00069
-0.2,144,1345.781276
-0.2,144,1346.564218
-0.6,144,1347.336946
-0.2,144,1347.984138
-0.2,144,1348.784819
-0.4,144,1349.597999
-0.4,144,1350.25471
-0.2,144,1351.080274
-0.2,144,1351.892836
-0.6,144,1352.688637
-0.2,144,1353.303129
-0.6,144,1354.063681
-0.2,144,1354.833439
-0.2,144,1355.507566
-0.2,144,1356.157954
-0.2,144,1356.924042
-0.2,144,1357.682998
-0.2,144,1358.293114
-0.2,144,1359.067066
-1.0,144,1359.850105
-0.2,144,1360.552888
-0.2,144,1361.219105
-0.2,144,1362.031547
-0.6,144,1362.819198
-0.2,144,1363.446689
-0.6,144,1364.22596
-0.6,144,1365.022067
-0.2,144,1365.781793
-0.2,144,1366.424311
-0.2,144,1367.213647
-0.4,144,1367.986539
-0.6,144,1368.601012
-0.2,144,1369.384776
-0.6,144,1370.1346
-0.6,144,1370.903328
-0.2,144,1371.51863
-1.0,144,1372.283739
-0.2,144,1373.047687
-0.2,144,1373.707222
-0.2,144,1374.417585
-0.4,144,1375.186422
-0.2,144,1375.968185
-0.2,144,1376.615232
-0.4,144,1377.408724
-0.6,144,1378.213132
-0.6,144,1378.936721
-0.2,144,1379.647963
-0.6,144,1380.433882
-0.2,144,1381.213612
-0.2,144,1381.857202
-1.4,144,1382.617066
-0.2,144,1383.391361
-0.2,144,1384.140683
-0.6,144,1384.762421
-0.2,144,1385.537064
-0.2,144,1386.302278
-0.6,144,1387.032797
-0.2,144,1388.471369
-0.2,144,1389.339617
-0.4,144,1390.125516
-0.6,144,1390.897131
-0.2,144,1391.802287
-0.2,144,1392.736137
-0.6,144,1393.41325
-0.2,144,1394.142516
-0.2,144,1395.021018
-0.2,144,1395.823941
-0.6,144,1396.502818
-0.4,144,1397.386969
-0.8,144,1398.258406
-0.4,144,1398.977166
-0.6,144,1399.679504
-0.4,144,1400.575279
-0.8,144,1401.381218
-0.2,144,1402.017034
-0.2,144,1402.867333
-0.4,144,1403.665998
-0.6,144,1404.385622
-1.0,144,1405.062553
-0.8,144,1405.949139
-0.2,144,1406.703604
-0.2,144,1407.341092
-0.2,144,1408.132107
-0.2,144,1408.934948
-0.6,144,1409.715955
-1.0,144,1410.338458
-0.2,144,1411.125126
-0.6,144,1411.917988
-0.2,144,1412.623069
-0.6,144,1413.289461
-0.4,144,1414.046989
-0.6,144,1414.812001
-0.4,144,1415.436374
-0.2,144,1416.203957
-0.6,144,1416.978644
-1.0,144,1417.675156
-0.2,144,1418.316907
-0.2,144,1419.095145
-0.2,144,1419.87087
-0.2,144,1420.487756
-0.6,144,1421.255454
-0.2,144,1422.034315
-0.2,144,1422.80199
-0.2,144,1423.465783
-0.6,144,1424.493198
-0.2,144,1425.37415
-0.6,144,1426.00673
-0.2,144,1426.806659
-0.6,144,1427.603582
-0.2,144,1428.38981
-0.4,144,1429.007347
-0.2,144,1429.774907
-0.4,144,1430.552877
-0.8,144,1431.220598
-0.8,144,1431.861379
-0.6,144,1432.624221
-1.0,144,1433.400683
-0.4,144,1434.024163
-1.0,144,1434.774791
-0.4,144,1435.535776
-0.2,144,1436.242174
-0.2,144,1436.904085
-0.2,144,1437.709062
-0.2,144,1438.506134
-0.2,144,1439.231802
-0.6,144,1440.016017
-0.2,144,1440.80495
-0.2,144,1441.583909
-0.2,144,1442.227252
-0.2,144,1443.013737
-0.2,144,1443.779442
-0.2,144,1444.396693
-0.6,144,1445.168763
-0.2,144,1445.94295
-0.2,144,1446.700554
-1.0,144,1447.318064
-0.2,144,1448.092123
-0.2,144,1448.877333
-0.8,144,1449.533697
-0.6,144,1450.19853
-0.2,144,1450.973562
-0.4,144,1451.760439
-0.6,144,1452.411773
-0.6,144,1453.200616
-0.6,144,1453.981137
-0.6,144,1454.709441
-0.2,144,1455.367207
-0.2,144,1456.172463
-0.2,144,1456.969354
-0.6,144,1457.608225
-0.6,144,1458.37287
-0.6,144,1459.145116
-0.2,144,1459.887138
-0.6,144,1460.524512
-0.2,144,1461.305713
-0.2,144,1462.064142
-0.2,144,1462.681659
-0.6,144,1463.454667
-0.2,144,1464.227972
-0.2,144,1465.003477
-0.2,144,1465.6277
-0.8,144,1466.428854
-0.4,144,1467.238995
-1.0,144,1467.953229
-0.6,144,1469.149098
-0.2,144,1469.948156
-0.6,144,1470.744795
-0.2,144,1471.39341
-0.2,144,1472.183114
-0.6,144,1472.982652
-0.6,144,1473.670972
-0.2,144,1474.295761
-0.2,144,1475.065156
-0.6,144,1475.845738
-0.2,144,1476.460468
-0.2,144,1477.22908
-0.2,144,1477.993739
-0.8,144,1478.736223
-0.4,144,1479.365816
-0.4,144,1480.137253
-0.2,144,1480.897567
-0.6,144,1481.523554
-1.0,144,1482.325056
-0.2,144,1483.096864
-0.6,144,1483.868447
-0.4,144,1484.495204
-0.2,144,1485.276992
-0.2,144,1486.07435
-0.2,144,1486.83163
-0.2,144,1487.50662
-0.6,144,1488.27526
-0.2,144,1489.033692
-0.2,144,1489.644114
-0.2,144,1490.409925
-0.8,144,1491.166872
-0.2,144,1491.860091
-0.2,144,1492.500575
-0.2,144,1493.259157
-1.2,144,1494.016243
-0.2,144,1494.632072
-0.2,144,1495.40404
-0.2,144,1496.192868
-0.6,144,1496.975292
-0.6,144,1497.618315
-0.2,144,1498.446047
-0.6,144,1499.233995
-0.2,144,1499.869164
-0.2,144,1500.665443
-0.8,144,1501.447805
-0.6,144,1502.242532
-0.8,144,1502.846311
-0.2,144,1503.613289
-1.0,144,1504.385584
-0.2,144,1505.041471
-1.0,144,1505.677204
-0.2,144,1506.438153
-0.2,144,1507.212721
-0.6,144,1507.826455
-0.2,144,1508.60657
-0.2,144,1509.375346
-0.2,144,1510.093275
-0.2,144,1510.751299
-0.2,144,1511.565885
-0.2,144,1512.367042
-0.2,144,1513.005957
-0.6,144,1513.779787
-0.2,144,1514.576317
-0.2,144,1515.37306
-0.6,144,1516.033612
-0.2,144,1516.832267
-0.2,144,1517.605118
-0.6,144,1518.209011
-0.2,144,1518.984062
-0.2,144,1519.751749
-0.2,144,1520.513837
-0.2,144,1521.126219
-0.6,144,1521.898467
-0.2,144,1522.670604
-0.4,144,1523.330755
-0.2,144,1523.988872
-0.6,144,1524.755693
-0.6,144,1525.548674
-1.0,144,1526.37118
-0.2,144,1527.356595
-0.2,144,1528.474426
-0.2,144,1529.220119
-1.2,144,1530.515596
-0.2,144,1531.401405
-0.6,144,1532.259823
-0.6,144,1532.89096
-0.6,144,1533.717488
-0.2,144,1534.670442
-0.2,144,1535.42142
-0.4,144,1536.095872
-0.6,144,1536.93031
-0.6,144,1537.734901
-0.6,144,1538.370712
-0.2,144,1539.261942
-0.2,144,1540.091896
-0.2,144,1540.853257
-0.2,144,1541.518095
-0.2,144,1542.354609
-0.6,144,1543.224425
-0.6,144,1543.905596
-0.4,144,1544.565726
-0.2,144,1545.357644
-0.2,144,1546.142816
-0.2,144,1546.786591
-0.4,144,1547.573468
-0.6,144,1548.364252
-0.6,144,1549.068998
-0.6,144,1549.709878
-0.6,144,1550.476434
-0.2,144,1551.2479
-0.4,144,1551.86216
-0.8,144,1552.61819
-0.2,144,1553.385403
-0.6,144,1554.147547
-0.4,144,1554.77108
-0.2,144,1555.536505
-0.2,144,1556.309497
-0.4,144,1556.954053
-0.2,144,1557.754834
-0.6,144,1558.587093
-0.2,144,1559.388244
-0.6,144,1560.029505
-0.4,144,1560.793737
-0.2,144,1561.589759
-1.0,144,1562.265769
-0.2,144,1562.956169
-0.6,144,1563.717415
-0.2,144,1564.493741
-0.2,144,1565.112644
-0.2,144,1565.878635
-0.4,144,1566.645797
-0.2,144,1567.355942
-0.2,144,1567.99087
-0.2,144,1568.758028
-0.4,144,1569.522696
-0.8,144,1570.139737
-0.6,144,1570.909399
-0.2,144,1571.707003
-0.2,144,1572.468094
-0.6,144,1573.099012
-0.6,144,1573.881766
-0.2,144,1574.674569
-0.4,144,1575.297311
-0.2,144,1576.120063
-1.0,144,1576.895634
-0.2,144,1577.688792
-0.2,144,1578.295167
-0.4,144,1579.057083
-0.4,144,1579.829443
-0.4,144,1580.496807
-0.6,144,1581.156981
-0.2,144,1581.920966
-0.6,144,1582.69485
-0.2,144,1583.368487
-0.2,144,1584.127885
-0.2,144,1584.901536
-1.0,144,1585.626932
-0.2,144,1586.32326
-0.2,144,1587.128253
-0.2,144,1587.930651
-0.6,144,1588.615575
-0.2,144,1589.406717
-0.6,144,1590.177263
-0.2,144,1590.985989
-0.4,144,1591.634383
-0.2,144,1592.428001
-0.2,144,1593.188821
-0.2,144,1593.798706
-0.8,144,1594.557391
-0.2,144,1595.310226
-0.6,144,1596.054025
-0.2,144,1596.666022
-0.8,144,1597.431973
-0.4,144,1598.201683
-0.4,144,1598.866979
-0.2,144,1599.519677
-0.2,144,1600.300972
-0.2,144,1601.082364
-0.4,144,1601.718157
-0.2,144,1602.492256
-0.2,144,1603.275394
-0.2,144,1603.989526
-0.2,144,1604.641166
-0.4,144,1605.434378
-0.4,144,1606.210212
-0.4,144,1606.84971
-0.2,144,1607.625401
-0.4,144,1608.392251
-0.2,144,1609.218167
-0.4,144,1609.871754
-0.2,144,1610.868138
-0.2,144,1611.827989
-0.2,144,1612.441344
-0.2,144,1613.224209
-0.2,144,1613.986229
-0.6,144,1614.836692
-0.6,144,1615.485055
-0.2,144,1616.312755
-0.2,144,1617.146496
-0.2,144,1617.937639
-1.0,144,1618.62738
-0.2,144,1619.424912
-0.2,144,1620.195451
-0.6,144,1620.845599
-0.6,144,1621.63465
-0.2,144,1622.432798
-0.2,144,1623.132807
-0.2,144,1623.823618
-0.2,144,1624.595556
-0.2,144,1625.365142
-0.2,144,1626.013031
-0.6,144,1626.768711
-0.4,144,1627.546433
-0.6,144,1628.27898
-0.2,144,1628.897902
-0.2,144,1629.670156
-0.2,144,1630.443822
-0.4,144,1631.080951
-0.2,144,1631.86601
-0.2,144,1632.659549
-0.2,144,1633.437991
-0.8,144,1634.075191
-0.2,144,1634.862575
-0.2,144,1635.667081
-0.2,144,1636.370668
-0.2,144,1637.036258
-0.6,144,1637.794395
-0.2,144,1638.556289
-0.6,144,1639.176722
-0.8,144,1639.946852
-0.8,144,1640.713722
-0.6,144,1641.417472
-0.2,144,1642.044265
-0.6,144,1642.805747
-0.2,144,1643.576615
-0.6,144,1644.194457
-0.4,144,1644.965013
-0.6,144,1645.744789
-0.4,144,1646.522476
-0.6,144,1647.166844
-0.2,144,1647.952774
-0.2,144,1648.732113
-0.2,144,1649.367005
-0.2,144,1650.167606
-0.2,144,1650.986095
-0.2,144,1651.781285
-0.6,144,1652.397687
-0.2,144,1653.160543
-0.4,144,1653.93515
-0.2,144,1654.606793
-0.4,144,1655.262196
-0.2,144,1656.027151
-0.6,144,1656.779802
-0.2,144,1657.409456
-0.2,144,1658.228619
-0.2,144,1659.005364
-0.2,144,1659.782336
-0.2,144,1660.443136
-0.2,144,1661.241795
-0.2,144,1662.045897
-0.6,144,1662.679053
-0.2,144,1663.46353
-0.2,144,1664.257895
-0.2,144,1665.042387
-0.2,144,1665.687382
-0.2,144,1666.47603
-0.2,144,1667.224916
-0.2,144,1667.834262
-0.2,144,1668.595732
-1.0,144,1669.371293
-0.4,144,1670.12634
-0.6,144,1670.74305
-0.4,144,1671.502421
-0.8,144,1672.282584
-0.6,144,1672.947578
-0.2,144,1673.608029
-1.4,144,1674.375017
-0.2,144,1675.157117
-0.2,144,1675.808375
-0.2,144,1676.590774
-0.2,144,1677.384116
-0.2,144,1678.110377
-0.2,144,1678.764663
-0.4,144,1679.759912
-0.6,144,1680.546985
-0.2,144,1681.196977
-0.2,144,1681.965862
-0.2,144,1682.743722
-0.6,144,1683.469789
-0.2,144,1684.096995
-0.6,144,1684.864587
-0.8,144,1685.626774
-0.6,144,1686.232608
-0.2,144,1687.007804
-0.2,144,1687.767848
-0.2,144,1688.542405
-0.2,144,1689.17503
-0.2,144,1689.970856
-0.2,144,1690.761991
-0.2,144,1691.45601
-0.6,144,1692.129071
-0.8,144,1692.904018
-0.2,144,1693.701743
-0.2,144,1694.368701
-0.4,144,1695.15524
-0.2,144,1695.957564
-0.2,144,1696.64869
-0.8,144,1697.290872
-0.2,144,1698.066868
-0.2,144,1698.839106
-0.2,144,1699.456899
-0.2,144,1700.223025
-1.0,144,1700.993186
-0.2,144,1701.725206
-0.2,144,1702.345515
-0.2,144,1703.118334
-0.2,144,1703.896915
-0.2,144,1704.530038
-0.2,144,1705.331167
-0.2,144,1706.130917
-0.6,144,1706.915007
-0.6,144,1707.541432
-0.4,144,1708.327763
-0.2,144,1709.171754
-1.4,144,1709.9125
-0.4,144,1710.577139
-0.2,144,1711.366472
-0.6,144,1712.14438
-0.6,144,1712.760026
-0.6,144,1713.529261
-0.2,144,1714.284506
-1.0,144,1714.971447
-0.2,144,1715.614455
-0.2,144,1716.376676
-0.2,144,1717.160409
-0.2,144,1717.777784
-0.2,144,1718.556016
-0.2,144,1719.3406
-0.2,144,1720.122101
-0.2,144,1720.764258
-0.2,144,1721.55402
-0.6,144,1722.34502
-0.2,144,1722.983796
-0.6,144,1723.791445
-0.2,144,1724.580062
-0.6,144,1725.365169
-0.2,144,1725.981706
-0.2,144,1726.739206
-0.2,144,1727.510844
-0.2,144,1728.173583
-0.6,144,1728.821446
-0.2,144,1729.596305
-1.4,144,1730.351315
-0.6,144,1730.95842
-0.6,144,1731.709862
-0.2,144,1732.475242
-0.2,144,1733.18728
-0.2,144,1733.846385
-0.4,144,1734.640396
-1.0,144,1735.410047
-0.8,144,1736.025953
-0.2,144,1736.804777
-0.6,144,1737.590359
-0.6,144,1738.373586
-0.6,144,1738.99643
-0.2,144,1739.825311
-0.8,144,1740.653483
-0.2,144,1741.269484
-0.2,144,1742.037004
-1.0,144,1742.821224
-0.2,144,1743.573473
-0.2,144,1744.189205
-0.6,144,1744.956508
-0.4,144,1745.734509
-0.2,144,1746.406581
-0.2,144,1747.04944
-0.6,144,1747.821961
-0.2,144,1748.605513
-0.2,144,1749.25618
-0.4,144,1750.020179
-0.6,144,1750.790877
-0.6,144,1751.503335
-0.2,144,1752.156969
-0.6,144,1752.960133
-0.2,144,1753.749214
-0.2,144,1754.388246
-0.2,144,1755.151904
-0.2,144,1755.916394
-0.4,144,1756.687524
-0.2,144,1757.301735
-0.2,144,1758.061718
-0.2,144,1758.824368
-0.6,144,1759.434438
-0.8,144,1760.22349
-0.6,144,1760.986382
-0.2,144,1761.742328
-0.2,144,1762.367256
-1.0,144,1763.13522
-0.2,144,1763.933558
-0.2,144,1764.620528
-0.2,144,1765.294616
-0.2,144,1766.061169
-0.2,144,1766.8482
-0.4,144,1767.503608
-0.2,144,1768.292691
-0.2,144,1769.108416
-1.0,144,1769.805743
-0.2,144,1770.452969
-0.2,144,1771.218214
-0.2,144,1771.992675
-0.2,144,1772.642366
-0.6,144,1773.433899
-0.2,144,1774.211168
-0.2,144,1774.960263
-0.2,144,1775.592519
-0.2,144,1776.366635
-0.4,144,1777.152254
-0.2,144,1777.790783
-0.2,144,1778.590496
-0.2,144,1779.400217
-0.2,144,1780.189337
-0.2,144,1780.81924
-0.2,144,1781.616018
-0.4,144,1782.409745
-0.2,144,1783.109881
-0.2,144,1783.781144
-0.6,144,1784.546682
-0.2,144,1785.328542
-0.2,144,1785.9449
-0.2,144,1786.708201
-0.2,144,1787.475149
-0.6,144,1788.316794
-1.0,144,1789.001819
-0.4,144,1789.795308
-0.2,144,1790.59348
-0.2,144,1791.21132
-0.4,144,1792.002281
-0.2,144,1792.777481
-0.6,144,1793.565901
-0.4,144,1794.187052
-0.2,144,1794.979778
-0.4,144,1795.78294
-0.2,144,1796.420811
-0.6,144,1797.232183
-0.2,144,1798.051987
-0.6,144,1798.839168
-0.2,144,1799.537164
-0.4,144,1800.332769
-0.2,144,1801.112179
-0.2,144,1801.789159
-0.4,144,1802.465148
-0.2,144,1803.223542
-0.8,144,1803.984198
-0.2,144,1804.692034
-1.0,144,1805.466529
-0.2,144,1806.255046
-1.0,144,1806.974963
-0.6,144,1807.618537
-0.2,144,1808.418978
-0.6,144,1809.205029
-1.4,144,1809.832615
-0.2,144,1810.635481
-0.2,144,1811.430337
-0.2,144,1812.216746
-0.6,144,1812.843493
-0.2,144,1813.641666
-0.6,144,1814.413826
-0.2,144,1815.033126
-0.2,144,1815.802784
-0.2,144,1816.580658
-0.4,144,1817.344475
-0.2,144,1817.961063
-0.2,144,1818.734527
-0.4,144,1819.51403
-0.2,144,1820.181275
-0.2,144,1820.84322
-0.2,144,1821.632386
-0.2,144,1822.419481
-0.2,144,1823.08834
-0.2,144,1823.875724
-0.6,144,1824.658364
-0.2,144,1825.403529
-0.6,144,1826.040905
-0.2,144,1826.855057
-0.2,144,1827.648276
-0.8,144,1828.300019
-0.2,144,1829.074723
-1.0,144,1829.851097
-1.0,144,1830.598841
-0.2,144,1831.235361
-0.6,144,1832.003824
-0.6,144,1832.78736
-0.4,144,1833.399175
-0.4,144,1834.168421
-0.6,144,1834.920874
-0.2,144,1835.685935
-1.0,144,1836.307115
-0.2,144,1837.098627
-0.4,144,1837.877231
-0.6,144,1838.572376
-0.2,144,1839.245754
-0.4,144,1840.014197
-0.2,144,1840.803576
-0.2,144,1841.458318
-0.4,144,1842.234673
-0.4,144,1843.032006
-0.4,144,1843.740816
-0.2,144,1844.383741
-0.2,144,1845.156903
-0.4,144,1845.926092
-1.0,144,1846.527941
-0.6,144,1847.289363
-0.2,144,1848.046687
-0.2,144,1848.789698
-0.6,144,1849.415895
-0.8,144,1850.191821
-0.2,144,1850.965726
-0.2,144,1851.593704
-0.2,144,1852.388519
-0.8,144,1853.169101
-0.2,144,1853.933694
-0.2,144,1854.559463
-0.8,144,1855.339801
-0.2,144,1856.134646
-0.4,144,1856.812959
-0.2,144,1857.48038
-1.0,144,1858.234087
-0.2,144,1858.995286
-0.2,144,1859.622551
-0.2,144,1860.386904
-0.2,144,1861.181133
-0.6,144,1861.884054
-0.2,144,1862.529778
-0.2,144,1863.305976
-0.2,144,1864.085261
-0.2,144,1864.70289
-0.6,144,1865.491241
-0.6,144,1866.266527
-0.2,144,1867.042448
-0.2,144,1867.759657
-0.2,144,1868.546188
-0.6,144,1869.344478
-0.2,144,1869.979887
-0.6,144,1870.791981
-0.2,144,1871.596256
-0.2,144,1872.393266
-0.6,144,1873.01919
-0.2,144,1873.781469
-0.2,144,1874.558426
-0.6,144,1875.21098
-0.6,144,1875.858462
-0.6,144,1876.627134
-0.8,144,1877.39953
-0.4,144,1878.01711
-0.2,144,1878.787672
-0.2,144,1879.574543
-0.2,144,1880.299534
-0.8,144,1880.934533
-0.6,144,1881.743351
-0.2,144,1882.529656
-0.4,144,1883.158735
-0.2,144,1883.936401
-0.4,144,1884.736688
-0.2,144,1885.520741
-0.2,144,1886.166425
-0.2,144,1886.979629
-0.2,144,1887.783155
-0.2,144,1888.394768
-0.4,144,1889.180287
-0.6,144,1889.951572
-0.6,144,1890.718237
-0.2,144,1891.330176
-0.2,144,1892.100923
-0.2,144,1892.882895
-0.2,144,1893.549818
-0.2,144,1894.220791
-0.2,144,1895.012178
-0.2,144,1895.79566
-0.4,144,1896.455966
-0.6,144,1897.222235
-0.2,144,1898.016886
-0.2,144,1898.737212
-0.2,144,1899.463241
-0.2,144,1900.270196
-0.2,144,1901.055087
-0.2,144,1901.705822
-0.6,144,1902.480576
-0.2,144,1903.241758
-0.2,144,1903.999724
-0.2,144,1904.622612
-0.6,144,1905.379953
-0.4,144,1906.141177
-0.6,144,1906.790715
-0.4,144,1907.569981
-1.0,144,1908.349755
-0.6,144,1909.116183
-0.2,144,1909.745421
-0.2,144,1910.530838
-0.6,144,1911.337418
-0.2,144,1912.03289
-0.2,144,1912.708752
-0.6,144,1913.50717
-0.2,144,1914.299962
-0.6,144,1914.986818
-0.6,144,1915.797016
-0.2,144,1916.623713
-0.4,144,1917.317216
-0.2,144,1917.966514
-0.6,144,1918.77442
-1.0,144,1919.538415
-0.2,144,1920.146763
-0.4,144,1920.908393
-0.2,144,1921.685233
-0.2,144,1922.440935
-0.2,144,1923.161049
-0.2,144,1923.938701
-0.6,144,1924.724177
-0.2,144,1925.35924
-0.4,144,1926.144208
-0.6,144,1926.946879
-0.2,144,1927.720004
-0.4,144,1928.367946
-0.2,144,1929.175149
-0.4,144,1929.969524
-0.6,144,1930.668395
-0.2,144,1931.342939
-0.2,144,1932.10339
-0.2,144,1932.871754
-0.2,144,1933.506858
-0.6,144,1934.299516
-0.4,144,1935.077837
-0.6,144,1935.768899
-0.8,144,1936.426108
-0.2,144,1937.208474
-0.2,144,1937.982667
-0.2,144,1938.604925
-0.8,144,1939.3826
-0.2,144,1940.171701
-0.6,144,1940.948271
-0.2,144,1941.598095
-0.2,144,1942.384963
-0.6,144,1943.16839
-0.8,144,1943.782989
-0.2,144,1944.577109
-1.0,144,1945.364762
-0.2,144,1946.154151
-1.0,144,1946.768629
-0.8,144,1947.530992
-0.6,144,1948.307922
-0.6,144,1949.020417
-0.2,144,1949.684991
-0.2,144,1950.428927
-0.2,144,1951.204316
-0.2,144,1951.825167
-0.2,144,1952.608344
-0.2,144,1953.3805
-0.6,144,1954.081645
-0.2,144,1954.722017
-0.2,144,1955.509947
-0.2,144,1956.303676
-0.4,144,1956.912837
-0.2,144,1957.683299
-0.2,144,1958.479921
-0.6,144,1959.250123
-0.6,144,1959.953726
-0.2,144,1960.739379
-0.2,144,1961.48215
-0.2,144,1962.089546
-0.6,144,1962.8468
-1.0,144,1963.597692
-0.2,144,1964.364262
-0.6,144,1964.969055
-0.2,144,1965.742017
-0.4,144,1966.52745
-0.6,144,1967.179037
-0.2,144,1967.837743
-0.2,144,1968.60816
-0.2,144,1969.385569
-0.2,144,1970.022156
-0.2,144,1970.79466
-0.6,144,1971.568828
-0.4,144,1972.289796
-1.0,144,1972.934489
-0.2,144,1973.722097
-0.6,144,1974.510816
-0.6,144,1975.166355
-0.6,144,1975.939515
-0.2,144,1976.712992
-0.2,144,1977.455444
-0.6,144,1978.101391
-0.6,144,1978.854421
-0.2,144,1979.745574
-0.2,144,1980.358143
-0.6,144,1981.115929
-0.2,144,1981.874079
-0.6,144,1982.634766
-0.2,144,1983.253682
-0.2,144,1984.036071
-0.2,144,1984.823091
-0.6,144,1985.486937
-0.4,144,1986.137521
-0.2,144,1986.945767
-0.6,144,1987.738495
-0.2,144,1988.392759
-0.6,144,1989.177415
-0.2,144,1989.968575
-0.2,144,1990.676983
-0.2,144,1991.30645
-0.2,144,1992.06934
-0.2,144,1992.83067
-0.8,144,1993.438333
-0.2,144,1994.195394
-0.8,144,1994.963879
-0.2,144,1995.702339
-0.2,144,1996.313925
-0.6,144,1997.073766
-1.0,144,1997.842359
-0.2,144,1998.469031
-0.2,144,1999.264111
-0.2,144,2000.063137
-0.6,144,2000.842619
-0.2,144,2001.471208
-0.2,144,2002.258768
-0.2,144,2003.059368
-0.2,144,2003.760704
-0.6,144,2004.443771
-0.2,144,2005.213214
-0.2,144,2005.970955
-0.4,144,2006.606224
-0.6,144,2007.380375
-0.2,144,2008.145463
-0.2,144,2008.856871
-0.2,144,2009.484781
-0.8,144,2010.253463
-0.2,144,2011.024773
-0.2,144,2011.637885
-0.2,144,2012.413309
-0.2,144,2013.198198
-0.2,144,2013.979043
-0.6,144,2014.628752
-0.4,144,2015.411173
-0.2,144,2016.177786
-0.8,144,2016.822252
-0.6,144,2017.622808
-0.2,144,2018.424236
-0.4,144,2019.238338
-0.2,144,2019.853768
-0.6,144,2020.599248
-0.2,144,2021.355021
-0.2,144,2022.026874
-0.2,144,2022.680794
-0.6,144,2023.445138
-0.2,144,2024.21527
-0.6,144,2024.828056
-0.6,144,2025.591403
-0.2,144,2026.359493
-0.2,144,2027.07479
-0.4,144,2027.714501
-0.4,144,2028.510945
-0.6,144,2029.308663
-0.2,144,2029.94951
-0.2,144,2030.73082
-1.2,144,2031.496106
-0.4,144,2032.265022
-0.2,144,2032.906284
-0.6,144,2033.698388
-0.2,144,2034.463915
-0.2,144,2035.082629
-1.0,144,2035.846868
-0.6,144,2036.619694
-0.2,144,2037.383529
-0.2,144,2038.001179
-0.4,144,2038.768423
-0.6,144,2039.529241
-0.2,144,2040.197412
-0.6,144,2040.856185
-0.8,144,2041.614947
-0.2,144,2042.394808
-1.8,144,2043.027592
-0.2,144,2043.811495
-1.0,144,2044.574411
-0.8,144,2045.277945
-0.2,144,2045.933612
-0.4,144,2046.738016
-0.2,144,2047.575661
-0.2,144,2048.219171
-0.8,144,2048.988692
-1.0,144,2049.745143
-0.4,144,2050.49028
-0.2,144,2051.116846
-0.6,144,2051.875903
-0.2,144,2052.644541
-0.2,144,2053.268776
-0.2,144,2054.024457
-1.4,144,2054.789694
-0.8,144,2055.548617
-0.2,144,2056.184232
-0.4,144,2056.962257
-0.4,144,2057.759281
-0.6,144,2058.437698
-0.4,144,2059.103233
-0.6,144,2059.865177
-0.2,144,2060.654622
-0.4,144,2061.317026
-0.2,144,2062.112225
-0.2,144,2062.968364
-0.2,144,2063.672237
-0.2,144,2064.301105
-0.2,144,2065.073968
-0.4,144,2065.8425
-0.6,144,2066.470976
-0.6,144,2067.241695
-1.2,144,2067.994109
-1.0,144,2068.759504
-0.2,144,2069.39709
-0.2,144,2070.169543
-0.4,144,2070.952243
-0.6,144,2071.580017
-0.6,144,2072.396906
-0.2,144,2073.178473
-0.2,144,2073.967781
-0.2,144,2074.599655
-1.0,144,2075.369603
-0.2,144,2076.172368
-0.6,144,2076.87532
-0.2,144,2077.56287
-0.8,144,2078.318981
-0.2,144,2079.069797
-1.0,144,2079.675648
-0.2,144,2080.434857
-0.2,144,2081.209727
-0.2,144,2081.910705
-0.6,144,2082.528993
-0.2,144,2083.296345
-0.2,144,2084.062006
-0.4,144,2084.671942
-0.2,144,2085.445522
-0.2,144,2086.231499
-0.2,144,2086.993738
-0.2,144,2087.632042
-0.4,144,2088.411798
-0.2,144,2089.193702
-0.4,144,2089.817599
-0.2,144,2090.622462
-0.2,144,2091.401398
-0.2,144,2092.182408
-0.2,144,2092.786795
-0.2,144,2093.548775
-0.2,144,2094.318406
-0.2,144,2094.978456
-0.2,144,2095.631498
-0.4,144,2096.393646
-0.2,144,2097.155998
-0.6,144,2097.768496
-0.2,144,2098.811137
-0.6,144,2099.871291
-0.2,144,2100.786334
-0.6,144,2101.975572
-0.4,144,2102.972055
-0.2,144,2104.000755
-0.2,144,2104.659156
-0.2,144,2105.555227
-0.2,144,2106.60194
-0.2,144,2107.605541
-0.2,144,2108.346275
-1.0,144,2109.324544
-0.2,144,2110.252048
-0.8,144,2110.954047
-0.6,144,2111.845495
-0.2,144,2112.756778
-0.2,144,2113.645462
-0.4,144,2114.430508
-0.2,144,2115.31264
-0.2,144,2116.22267
-0.2,144,2117.085351
-0.6,144,2117.886209
-0.2,144,2118.754558
-0.2,144,2119.640872
-0.6,144,2120.600079
-0.2,144,2121.912396
-0.2,144,2123.957878
-0.6,144,2125.546808
-0.2,144,2127.068144
-0.8,144,2128.126328
-0.2,144,2129.4471
-0.6,144,2131.104379
-0.2,144,2133.148329
-0.2,144,2134.863851
-0.2,144,2137.273249
-0.6,144,2138.873481
-0.2,144,2139.841953
-0.4,144,2141.570461
-0.6,144,2143.241044
-0.8,144,2144.089616
-0.4,144,2145.621778
-0.2,144,2146.62354
-0.2,144,2147.311055
-0.6,144,2149.022399
-0.2,144,2149.962223
-0.6,144,2150.896409
-0.4,144,2151.688951
-0.6,144,2152.994309
-0.2,144,2154.980732
-0.6,144,2156.10774
-0.2,144,2157.838534
-0.2,144,2159.648479
-0.2,144,2160.791157
-0.2,144,2161.726795
-0.2,144,2162.984283
-0.2,144,2163.906623
-0.6,144,2164.595985
-0.2,144,2165.889379
-0.2,144,2166.97555
-0.2,144,2168.333132
-0.2,144,2170.209838
-0.2,144,2172.012908
-0.2,144,2173.311613
-0.2,144,2174.402217
-0.6,144,2175.413801
-0.2,144,2176.394652
-0.6,144,2177.2875
-0.6,144,2177.973183
-0.2,144,2178.820048
-0.6,144,2179.832102
-0.6,144,2180.690337
-0.2,144,2181.908081
-0.2,144,2183.264555
-0.2,144,2184.070868
-0.2,144,2184.908311
-0.8,144,2185.771679
-0.6,144,2186.679419
-0.2,144,2187.523233
-0.2,144,2188.259299
-0.2,144,2189.664029
-0.2,144,2190.489009
-0.4,144,2191.090912
-0.4,144,2192.22745
-0.6,144,2193.546504
-0.2,144,2194.513791
-0.6,144,2195.196049
-0.6,144,2196.039259
-0.4,144,2196.933448
-0.2,144,2197.601994
-1.0,144,2198.479262
-0.2,144,2199.274857
-0.2,144,2200.11139
-0.4,144,2200.780216
-0.6,144,2201.564963
-0.2,144,2202.323833
-0.2,144,2203.064495
-0.6,144,2203.785779
-0.2,144,2204.64122
-0.4,144,2205.399639
-0.2,144,2206.038232
-0.6,144,2206.833146
-0.2,144,2207.600263
-0.8,144,2208.286493
-0.2,144,2208.963012
-0.2,144,2209.755167
-0.2,144,2210.545552
-0.2,144,2211.188805
-0.6,144,2212.005489
-0.2,144,2212.959798
-0.2,144,2213.854491
-0.6,144,2214.665605
-0.6,144,2215.572678
-0.2,144,2216.429057
-0.8,144,2217.138148
-0.2,144,2218.162338
-0.6,144,2219.059065
-0.4,144,2219.85218
-0.2,144,2220.57236
-0.2,144,2221.67961
-0.2,144,2222.627791
-0.2,144,2223.357482
-0.2,144,2224.14724
-0.6,144,2225.112752
-0.2,144,2225.959902
-0.2,144,2227.024551
-0.2,144,2228.418662
-0.6,144,2229.408624
-0.2,144,2230.112595
-0.8,144,2230.974664
-0.8,144,2232.202322
-1.0,144,2233.012598
-0.6,144,2233.715179
-0.2,144,2234.767673
-0.6,144,2235.695859
-0.6,144,2236.616804
-0.2,144,2237.345223
-0.4,144,2238.290509
-0.2,144,2239.10577
-1.0,144,2239.738038
-0.2,144,2240.671425
-0.2,144,2241.548794
-0.2,144,2242.401234
-1.0,144,2243.048759
-0.2,144,2243.834132
-0.2,144,2244.623131
-0.6,144,2245.284971
-0.6,144,2245.952815
-0.2,144,2246.711581
-0.2,144,2247.485106
-0.4,144,2248.118732
-0.2,144,2248.97367
-0.2,144,2249.856041
-0.2,144,2250.545651
-0.6,144,2251.199958
-0.2,144,2252.128476
-0.2,144,2252.963152
-0.2,144,2253.828419
-0.4,144,2254.70895
-0.6,144,2255.686692
-0.2,144,2256.391755
-0.4,144,2257.029073
-0.2,144,2257.806653
-0.2,144,2258.630032
-0.2,144,2259.268719
-0.2,144,2260.309424
-1.0,144,2261.109583
-0.6,144,2261.907748
-0.2,144,2262.553556
-0.6,144,2263.508419
-0.2,144,2264.584802
-0.2,144,2265.294534
-0.2,144,2266.051089
-0.6,144,2266.89089
-0.2,144,2267.663642
-0.2,144,2268.409375
-0.8,144,2269.185839
-0.2,144,2269.975342
-0.2,144,2270.666351
-0.2,144,2271.319826
-0.2,144,2272.13861
-0.2,144,2272.894599
-0.8,144,2273.524585
-0.2,144,2274.319645
-0.2,144,2275.115487
-0.2,144,2275.872709
-0.2,144,2276.523784
-0.2,144,2277.40537
-0.8,144,2278.18624
-0.2,144,2278.809569
-0.2,144,2279.972245
-0.6,144,2280.754372
-0.2,144,2281.821166
-0.2,144,2282.509543
-0.6,144,2283.296063
-0.4,144,2284.571924
-0.2,144,2285.362689
-0.4,144,2286.604639
-0.4,144,2287.410834
-0.2,144,2288.192488
-0.6,144,2288.852997
-0.4,144,2289.808072
-0.2,144,2290.642096
-0.2,144,2291.406758
-0.6,144,2292.102563
-0.2,144,2293.179825
-0.8,144,2293.971124
-0.2,144,2294.642377
-0.2,144,2295.453802
-1.0,144,2296.344568
-0.4,144,2297.220429
-0.6,144,2298.015587
-0.2,144,2298.928699
-1.4,144,2299.821255
-0.8,144,2300.457156
-0.6,144,2301.368445
-0.4,144,2302.154963
-0.6,144,2302.955283
-0.2,144,2303.704319
-0.2,144,2304.572844
-0.2,144,2305.420138
-0.2,144,2306.109168
-0.2,144,2306.826557
-0.6,144,2307.955044
-0.2,144,2308.731387
-0.6,144,2309.376949
-0.2,144,2310.234062
-0.2,144,2311.17703
-0.2,144,2311.910838
-0.6,144,2312.609518
-0.2,144,2313.421423
-0.2,144,2314.229522
-0.6,144,2314.855695
-0.2,144,2315.729171
-0.8,144,2316.499547
-0.6,144,2317.253955
-0.2,144,2317.861569
-0.2,144,2318.597478
-0.2,144,2319.382056
-0.6,144,2320.082652
-0.2,144,2320.874495
-0.2,144,2321.624609
-0.2,144,2322.374217
-0.2,144,2322.998784
-0.6,144,2323.806986
-0.8,144,2324.713652
-1.0,144,2325.441633
-0.2,144,2326.383742
-0.4,144,2327.147675
-0.6,144,2327.949032
-0.6,144,2328.585405
-0.2,144,2329.366832
-0.2,144,2330.140478
-0.2,144,2330.887844
-0.2,144,2331.625988
-0.6,144,2332.359847
-0.2,144,2333.109437
-0.2,144,2333.704362
-0.6,144,2334.463268
-0.2,144,2335.282814
-0.6,144,2336.026545
-0.2,144,2336.655783
-0.4,144,2337.400672
-0.6,144,2338.171429
-0.2,144,2338.793914
-0.2,144,2339.627328
-0.4,144,2340.419246
-0.4,144,2341.196387
-0.2,144,2341.83253
-0.2,144,2342.629703
-0.4,144,2343.429822
-0.8,144,2344.110412
-0.2,144,2344.788532
-0.6,144,2345.561376
-0.2,144,2346.357579
-0.2,144,2346.983375
-0.2,144,2347.805761
-0.2,144,2348.633529
-0.4,144,2349.310407
-0.4,144,2349.957685
-0.6,144,2350.731745
-0.6,144,2351.520058
-0.2,144,2352.140543
-0.2,144,2352.936506
-0.6,144,2353.719261
-0.2,144,2354.496168
-0.2,144,2355.156155
-0.6,144,2355.953849
-0.6,144,2356.753048
-1.0,144,2357.387912
-0.2,144,2358.202554
-0.2,144,2359.181044
-0.2,144,2359.95312
-0.6,144,2360.556362
-0.2,144,2361.38566
-0.2,144,2362.184545
-0.2,144,2362.844634
-0.2,144,2363.508391
-0.2,144,2364.249346
-0.2,144,2365.012033
-0.2,144,2365.629333
-0.2,144,2366.406559
-0.2,144,2367.277479
-0.2,144,2367.96949
-0.4,144,2368.613789
-0.2,144,2369.431144
-0.2,144,2370.229586
-0.2,144,2370.857687
-0.6,144,2371.630093
-0.6,144,2372.448857
-0.2,144,2373.232708
-0.2,144,2373.878677
-0.2,144,2374.677559
-0.2,144,2375.46218
-0.2,144,2376.077083
-0.2,144,2376.849895
-0.2,144,2377.682464
-0.2,144,2378.432666
-0.2,144,2379.051885
-0.2,144,2379.820273
-0.2,144,2380.627952
-0.2,144,2381.269617
-0.2,144,2381.921634
-0.6,144,2382.715971
-0.2,144,2383.488509
-0.6,144,2384.152611
-0.2,144,2384.940797
-0.6,144,2386.070434
-0.2,144,2386.814271
-0.2,144,2387.510396
-0.2,144,2388.365984
-0.2,144,2389.180187
-0.4,144,2389.795983
-0.2,144,2390.564822
-0.6,144,2391.320791
-0.2,144,2392.077035
-0.2,144,2392.731842
-0.4,144,2393.514816
-0.6,144,2394.315123
-0.6,144,2394.926666
-0.2,144,2395.69982
-0.2,144,2396.489078
-0.4,144,2397.255061
-0.6,144,2397.907391
-0.2,144,2398.700687
-0.2,144,2399.50739
-0.2,144,2400.198613
-0.6,144,2400.879172
-0.6,144,2401.654226
-0.2,144,2402.448607
-0.6,144,2403.117015
-0.8,144,2403.900136
-0.2,144,2404.699798
-0.6,144,2405.388254
-0.2,144,2406.041118
-0.4,144,2406.823026
-0.6,144,2407.598318
-1.2,144,2408.237096
-0.2,144,2409.006297
-0.2,144,2409.782814
-0.2,144,2410.80599
-0.6,144,2411.457002
-0.6,144,2412.379283
-0.2,144,2413.437207
-0.2,144,2414.101261
-1.0,144,2415.485798
-0.2,144,2416.462505
-1.4,144,2417.247966
-0.2,144,2417.987309
-0.8,144,2418.974061
-0.2,144,2419.980603
-0.6,144,2420.737822
-0.2,144,2421.54146
-0.2,144,2422.447867
-0.6,144,2423.450778
-0.6,144,2424.099227
-0.2,144,2425.099235
-0.2,144,2425.940471
-0.6,144,2426.654254
-0.6,144,2427.391963
-0.2,144,2428.220761
-0.2,144,2429.031471
-0.6,144,2429.720189
-0.8,144,2430.569199
-1.0,144,2431.413108
-1.0,144,2432.177524
-0.2,144,2432.963148
-0.2,144,2433.97668
-1.0,144,2435.243761
-0.6,144,2435.886839
-0.4,144,2436.864032
-0.2,144,2438.414013
-0.6,144,2440.075747
-0.8,144,2441.297157
-0.2,144,2442.229504
-0.6,144,2443.318142
-0.2,144,2444.024801
-0.2,144,2445.347009
-0.2,144,2446.349353
-0.2,144,2447.396896
-0.6,144,2448.216811
-0.8,144,2449.21927
-0.2,144,2450.071032
-0.2,144,2451.117455
-0.2,144,2451.92073
-0.2,144,2453.232478
-0.4,144,2454.833065
-0.2,144,2455.655879
-0.2,144,2456.563212
-0.2,144,2457.477693
-0.2,144,2458.510603
-1.0,144,2459.551058
-0.6,144,2460.556989
-0.6,144,2461.727858
-0.2,144,2462.806504
-0.2,144,2464.448242
-0.2,144,2465.383778
-0.2,144,2466.375344
-0.2,144,2467.541718
-0.2,144,2468.776108
-0.2,144,2469.816247
-0.2,144,2470.86937
-0.6,144,2471.538434
-0.2,144,2472.667212
-0.2,144,2473.891559
-0.2,144,2474.606193
-0.2,144,2475.771711
-0.6,144,2477.28037
-0.2,144,2478.357472
-0.8,144,2479.161026
-0.2,144,2480.125498
-0.2,144,2481.259418
-1.0,144,2482.089374
-0.4,144,2483.045166
-0.6,144,2483.934832
-0.2,144,2484.798423
-0.2,144,2485.486163
-0.2,144,2486.376676
-0.4,144,2487.308932
-0.2,144,2488.020664
-0.2,144,2488.847185
-0.2,144,2489.860843
-0.2,144,2490.81525
-0.8,144,2491.709547
-0.2,144,2492.6471
-0.4,144,2493.550793
-0.2,144,2494.236259
-0.2,144,2495.191358
-0.2,144,2496.123086
-0.2,144,2496.963092
-0.2,144,2497.849263
-0.8,144,2498.742915
-1.0,144,2499.813594
-0.2,144,2500.825494
-0.2,144,2501.574228
-0.4,144,2502.465974
-0.2,144,2503.95752
-0.8,144,2504.703859
-0.2,144,2505.798668
-0.2,144,2506.618699
-0.2,144,2507.59451
-0.4,144,2508.453883
-0.2,144,2509.38375
-0.6,144,2510.50854
-0.2,144,2511.166394
-0.2,144,2512.529336
-0.6,144,2513.540929
-0.2,144,2514.979533
-0.6,144,2515.696028
-0.4,144,2516.639328
-0.6,144,2517.517317
-0.2,144,2518.290628
-0.2,144,2519.012345
-0.2,144,2519.901146
-0.2,144,2520.757482
-0.6,144,2521.436212
-0.6,144,2522.389121
-0.2,144,2523.40415
-0.6,144,2524.295961
-0.2,144,2525.510313
-0.6,144,2526.408057
-0.2,144,2527.498306
-0.4,144,2528.210361
-0.2,144,2529.199211
-0.2,144,2530.147449
-0.2,144,2531.406193
-0.6,144,2532.122235
-0.2,144,2533.119558
-0.2,144,2533.977766
-0.2,144,2534.713158
-0.2,144,2535.593425
-0.2,144,2537.142298
-0.4,144,2537.943542
-0.2,144,2538.581771
-0.2,144,2539.362151
-0.6,144,2540.18693
-0.2,144,2541.04921
-0.2,144,2541.729671
-0.2,144,2542.776011
-0.4,144,2543.748162
-0.6,144,2544.397326
-0.8,144,2545.317786
-0.4,144,2546.160731
-0.8,144,2547.583845
-0.2,144,2548.354112
-0.2,144,2549.278724
-0.2,144,2550.149972
-0.2,144,2550.919944
-0.6,144,2551.849155
-0.2,144,2552.732725
-0.2,144,2553.616126
-0.6,144,2554.276848
-0.2,144,2555.28851
-0.2,144,2556.112772
-0.2,144,2556.765381
-0.2,144,2557.617676
-0.2,144,2558.68254
-0.8,144,2559.516419
-0.2,144,2560.362221
-0.4,144,2561.314188
-0.2,144,2562.303251
-0.2,144,2563.787297
-0.2,144,2565.066458
-0.2,144,2565.937031
-0.4,144,2566.879903
-0.2,144,2567.728325
-0.2,144,2569.093712
-0.2,144,2570.223833
-0.2,144,2571.066054
-0.2,144,2572.411694
-0.2,144,2573.444232
-0.2,144,2574.538375
-0.6,144,2575.273642
-0.2,144,2576.22767
-0.2,144,2577.112983
-0.2,144,2577.873956
-0.6,144,2578.502442
-0.6,144,2579.472624
-0.2,144,2580.292862
-0.2,144,2580.978972
-1.0,144,2582.034478
-0.2,144,2582.968773
-0.2,144,2583.992537
-0.6,144,2584.710943
-0.2,144,2585.616386
-0.4,144,2586.680705
-0.2,144,2587.564214
-0.2,144,2588.805951
-0.2,144,2589.904605
-0.2,144,2590.861422
-0.6,144,2591.532987
-0.2,144,2592.582347
-0.2,144,2593.715213
-0.4,144,2594.491281
-0.2,144,2595.794569
-0.2,144,2596.688486
-0.6,144,2597.52371
-0.2,144,2598.200692
-0.2,144,2599.068179
-0.2,144,2600.168758
-0.2,144,2600.945041
-0.2,144,2601.691534
-0.4,144,2602.741327
-0.2,144,2603.929869
-0.8,144,2604.619452
-0.2,144,2605.767367
-0.6,144,2606.748045
-0.4,144,2607.528232
-0.6,144,2608.249984
-0.4,144,2609.248024
-0.4,144,2610.356566
-0.2,144,2611.137707
-0.2,144,2611.879635
-0.2,144,2613.042808
-0.2,144,2613.97295
-0.6,144,2615.061016
-0.2,144,2615.910944
-0.2,144,2616.99911
-0.2,144,2617.771642
-0.2,144,2619.025882
-0.2,144,2620.016717
-0.6,144,2621.148607
-0.2,144,2622.106465
-0.6,144,2623.288614
-0.6,144,2624.385784
-0.2,144,2625.349515
-0.2,144,2626.244549
-0.4,144,2627.473062
-0.2,144,2628.44491
-0.2,144,2629.162623
-1.2,144,2630.234268
-0.4,144,2631.324506
-0.2,144,2632.235433
-0.6,144,2632.952162
-0.2,144,2633.803435
-0.4,144,2634.766162
-1.0,144,2635.613965
-0.2,144,2636.39053
-0.2,144,2637.264494
-0.2,144,2638.050275
-0.6,144,2638.703117
-0.6,144,2639.567452
-0.2,144,2640.639921
-1.0,144,2641.426587
-0.2,144,2642.12505
-0.2,144,2643.091912
-0.2,144,2643.957184
-0.2,144,2644.841067
-0.2,144,2645.980722
-0.2,144,2646.916949
-0.2,144,2647.94098
-0.2,144,2648.841343
-0.2,144,2650.008568
-0.8,144,2651.137499
-0.4,144,2652.185202
-0.4,144,2653.087693
-0.6,144,2654.298765
-0.6,144,2655.254762
-0.2,144,2656.147389
-0.6,144,2657.211115
-0.2,144,2658.170758
-0.2,144,2659.06474
-0.2,144,2660.288899
-0.2,144,2661.232767
-0.2,144,2662.098146
-0.6,144,2662.896378
-0.2,144,2663.865716
-0.6,144,2664.781451
-0.6,144,2665.574904
-0.2,144,2666.973431
-0.2,144,2668.197467
-0.2,144,2669.045314
-0.6,144,2670.393602
-0.2,144,2671.205933
-0.2,144,2672.050114
-0.2,144,2672.812815
-0.2,144,2674.126612
-0.8,144,2675.829524
-0.2,144,2676.66168
-0.2,144,2678.369609
-0.2,144,2679.908966
-0.2,144,2681.06563
-0.2,144,2682.466986
-0.6,144,2683.135043
-0.2,144,2684.077773
-0.2,144,2685.014271
-0.2,144,2685.773201
-0.2,144,2687.002323
-0.2,144,2687.824592
-0.6,144,2688.645613
-0.6,144,2689.368804
-1.0,144,2690.147397
-0.6,144,2690.93926
-0.2,144,2691.653599
-0.2,144,2692.995597
-0.8,144,2693.845498
-0.2,144,2695.123786
-0.2,144,2695.837153
-0.4,144,2696.701655
-0.2,144,2697.681399
-0.2,144,2698.42027
-0.2,144,2699.09663
-0.2,144,2700.110064
-0.4,144,2700.943931
-0.2,144,2701.602433
-0.8,144,2702.71924
-0.2,144,2703.615928
-0.2,144,2704.466338
-0.6,144,2705.71656
-0.6,144,2706.576406
-0.2,144,2707.607002
-0.2,144,2708.351391
-0.2,144,2709.165228
-0.8,144,2710.155231
-0.2,144,2710.955119
-0.4,144,2711.656446
-0.2,144,2712.669789
-0.6,144,2713.673187
-0.2,144,2714.387517
-0.2,144,2715.120456
-0.6,144,2715.956243
-0.6,144,2717.017621
-0.2,144,2717.656636
-0.6,144,2718.599501
-1.2,144,2720.11678
-0.2,144,2720.906162
-0.2,144,2721.76663
-0.2,144,2722.91469
-0.4,144,2723.956244
-0.2,144,2724.868244
-0.2,144,2726.067369
-0.2,144,2728.286157
-0.2,144,2729.287067
-0.2,144,2730.285612
-0.6,144,2731.704221
-0.4,144,2732.643867
-0.2,144,2733.727077
-0.2,144,2734.628536
-1.0,144,2736.076468
-0.4,144,2737.403544
-0.2,144,2739.168226
-0.2,144,2740.945735
-0.2,144,2742.22911
-0.2,144,2742.972861
-0.6,144,2744.232521
-0.2,144,2745.209399
-0.2,144,2746.179835
-0.6,144,2746.898125
-0.6,144,2747.833928
-0.4,144,2748.915476
-0.2,144,2749.728041
-0.2,144,2750.692144
-0.6,144,2751.699204
-0.2,144,2752.630708
-0.2,144,2753.349296
-0.2,144,2754.20445
-0.6,144,2755.124165
-1.8,144,2756.168808
-0.6,144,2756.943505
-0.2,144,2757.875312
-0.2,144,2758.702114
-0.4,144,2759.55073
-0.2,144,2760.38669
-0.4,144,2761.341014
-0.2,144,2762.27923
-0.2,144,2763.021861
-0.2,144,2763.987406
-0.2,144,2764.877621
-1.0,144,2765.835411
-0.2,144,2767.077153
-0.4,144,2768.048799
-0.8,144,2768.871493
-0.2,144,2769.533674
-0.2,144,2770.388502
-0.6,144,2771.179311
-0.8,144,2771.989345
-0.2,144,2772.643124
-0.6,144,2773.444315
-0.2,144,2774.213167
-0.4,144,2774.874264
-0.2,144,2775.655902
-1.0,144,2776.435825
-0.2,144,2777.247645
-0.2,144,2777.913256
-0.2,144,2778.758984
-0.4,144,2779.574107
-0.2,144,2780.362039
-0.2,144,2781.040672
-0.2,144,2781.831039
-0.2,144,2782.683368
-0.6,144,2783.375169
-0.2,144,2784.195957
-0.4,144,2785.009058
-1.0,144,2785.763857
-0.6,144,2786.566091
-0.6,144,2787.372838
-0.2,144,2788.185219
-0.2,144,2788.829313
-0.6,144,2789.632709
-0.2,144,2790.403401
-0.2,144,2791.160603
-0.2,144,2791.795682
-0.2,144,2792.620495
-0.8,144,2793.407254
-0.6,144,2794.14189
-0.2,144,2794.977834
-0.2,144,2795.905012
-0.2,144,2796.689438
-0.2,144,2797.375664
-0.2,144,2798.218919
-0.6,144,2799.362484
-0.2,144,2800.120194
-0.6,144,2800.866797
-0.2,144,2801.660746
-0.2,144,2802.460524
-0.2,144,2803.788452
-0.2,144,2804.788088
-0.2,144,2805.793186
-0.4,144,2806.578855
-0.6,144,2807.216708
-0.2,144,2808.019322
-0.4,144,2808.964091
-0.2,144,2809.589791
-0.2,144,2810.533928
-0.6,144,2811.422818
-0.4,144,2812.394284
-0.2,144,2813.102278
-0.2,144,2813.935166
-0.2,144,2814.744611
-0.2,144,2815.420044
-0.2,144,2816.410253
-0.2,144,2817.343136
-0.2,144,2818.416276
-0.6,144,2819.164894
-0.2,144,2820.14997
-0.4,144,2821.187779
-0.4,144,2821.942883
-0.6,144,2823.016611
-0.2,144,2824.04027
-0.6,144,2825.047822
-0.2,144,2826.045965
-0.4,144,2826.944011
-0.2,144,2828.05246
-0.2,144,2828.967206
-0.2,144,2830.588515
-0.2,144,2831.526864
-0.8,144,2832.518074
-0.2,144,2833.314329
-0.4,144,2834.286385
-0.2,144,2835.286877
-0.6,144,2836.352312
-0.2,144,2837.182794
-0.2,144,2838.190139
-0.2,144,2839.371257
-0.2,144,2840.106103
-0.2,144,2841.01492
-0.2,144,2841.802748
-0.2,144,2842.617176
-0.2,144,2843.280296
-0.4,144,2844.159691
-0.6,144,2844.979199
-0.2,144,2845.666157
-0.2,144,2846.377794
-0.2,144,2847.24329
-0.6,144,2848.071925
-0.6,144,2848.837654
-1.0,144,2849.877491
-0.4,144,2851.254389
-0.2,144,2852.109666
-0.2,144,2853.543639
-0.2,144,2854.667239
-0.2,144,2855.64376
-0.6,144,2856.636478
-0.6,144,2857.6898
-0.2,144,2858.637091
-0.6,144,2859.844187
-0.2,144,2860.985713
-0.6,144,2861.88661
-0.2,144,2863.206333
-0.4,144,2864.128554
-0.4,144,2865.884638
-0.2,144,2866.963037
-0.2,144,2868.070436
-0.2,144,2868.724345
-0.2,144,2869.645975
-0.4,144,2870.493526
-0.4,144,2871.619541
-0.2,144,2872.979666
-0.2,144,2874.103231
-0.2,144,2875.276329
-0.6,144,2875.963154
-0.6,144,2876.825327
-0.2,144,2877.735423
-0.2,144,2878.587269
-0.6,144,2879.295246
-0.2,144,2880.063037
-0.2,144,2880.865284
-0.4,144,2881.48153
-0.8,144,2882.258728
-0.2,144,2883.052583
-0.2,144,2883.992358
-0.2,144,2885.038728
-0.6,144,2885.928323
-0.6,144,2886.894371
-0.2,144,2887.586616
-0.2,144,2888.528652
-0.4,144,2889.417546
-0.2,144,2890.30091
-0.2,144,2890.971496
-0.2,144,2891.90918
-0.2,144,2892.726645
-0.2,144,2893.624192
-0.6,144,2894.307582
-0.2,144,2895.087884
-0.6,144,2895.84029
-0.2,144,2896.517101
-0.6,144,2897.268849
-0.2,144,2898.043376
-0.2,144,2898.702971
-0.2,144,2899.34999
-0.6,144,2900.122196
-0.6,144,2900.849753
-1.2,144,2901.58837
-0.4,144,2902.35402
-0.4,144,2903.416636
-0.2,144,2904.196071
-0.2,144,2904.976349
-0.6,144,2905.731147
-0.4,144,2906.538118
-0.2,144,2907.174929
-0.2,144,2907.948918
-0.4,144,2908.799026
-0.2,144,2909.536184
-0.2,144,2910.156171
-0.2,144,2910.893101
-0.6,144,2911.679937
-0.2,144,2912.375303
-0.2,144,2913.064333
-0.4,144,2913.970427
-0.8,144,2914.697597
-0.2,144,2915.340836
-0.8,144,2916.06419
-0.2,144,2916.810782
-0.6,144,2917.519769
-0.2,144,2918.223834
-0.6,144,2918.996219
-1.0,144,2919.732533
-0.2,144,2920.400477
-0.2,144,2921.157292
-0.6,144,2921.936066
-0.2,144,2922.658572
-0.2,144,2923.352324
-1.0,144,2924.125291
-0.2,144,2924.855392
-0.2,144,2925.497086
-0.2,144,2926.256158
-0.2,144,2927.0175
-0.2,144,2927.719363
-0.2,144,2928.426463
-1.4,144,2929.198148
-1.0,144,2930.018667
-0.2,144,2931.156179
-0.6,144,2931.964563
-0.2,144,2932.844988
-0.2,144,2933.749079
-0.2,144,2934.58343
-0.6,144,2935.465212
-0.2,144,2936.397541
-0.6,144,2937.286728
-0.6,144,2938.129236
-0.4,144,2939.062529
-0.6,144,2940.056143
-0.2,144,2940.831136
-0.2,144,2942.278335
-0.2,144,2943.190851
-0.2,144,2943.989204
-0.2,144,2944.761976
-0.2,144,2945.689936
-0.2,144,2946.54948
-0.6,144,2947.298047
-0.6,144,2948.185214
-0.2,144,2949.055342
-0.2,144,2949.977144
-0.8,144,2950.737352
-0.2,144,2951.604838
-0.6,144,2952.640574
-0.6,144,2953.449062
-0.4,144,2954.290666
-0.2,144,2955.187571
-0.2,144,2956.073393
-0.6,144,2956.924567
-0.6,144,2957.809102
-0.2,144,2958.69985
-0.6,144,2959.513898
-0.6,144,2960.811151
-0.2,144,2961.682231
-0.2,144,2962.520957
-0.6,144,2963.346801
-0.6,144,2964.202401
-0.8,144,2965.070057
-1.0,144,2965.907427
-0.2,144,2966.751154
-1.0,144,2967.617648
-0.2,144,2968.479089
-0.2,144,2969.253079
-0.6,144,2970.28503
-0.2,144,2971.251257
-0.2,144,2972.129833
-0.2,144,2972.966241
-0.2,144,2974.3852
-0.2,144,2975.365837
-0.6,144,2976.16361
-0.2,144,2977.016584
-0.2,144,2977.901178
-0.4,144,2978.789092
-0.2,144,2979.546459
-0.2,144,2980.449439
-0.4,144,2981.329617
-0.2,144,2982.170119
-0.2,144,2982.950518
-0.2,144,2983.865138
-0.6,144,2984.844538
-0.6,144,2985.613703
-0.2,144,2986.491721
-0.2,144,2987.478644
-0.6,144,2988.37877
-0.2,144,2989.187822
-0.2,144,2990.066745
-0.2,144,2990.954681
-0.2,144,2991.716073
-0.6,144,2992.648239
-0.2,144,2993.535179
-0.2,144,2994.500472
-0.4,144,2995.302718
-0.2,144,2996.150238
-0.2,144,2997.006241
-0.6,144,2997.793555
-0.8,144,2998.603076
-0.6,144,2999.436249
-0.2,144,3000.317452
-0.2,144,3001.150407
-0.2,144,3002.003064
-0.6,144,3002.919764
-0.2,144,3003.772673
-0.4,144,3004.579411
-0.2,144,3005.560963
-0.2,144,3006.480781
-0.4,144,3007.277608
-0.2,144,3008.145818
-0.6,144,3009.069472
-0.4,144,3009.966179
-0.6,144,3010.77191
-0.2,144,3012.271326
-0.2,144,3013.000819
-0.2,144,3013.742762
-0.2,144,3014.498009
-0.2,144,3015.259157
