#{"t_start": 1786077211.5311282, "env_id": "None"}
r,l,t
-7.2,144,2.053762
-7.2,144,2.641325
-7.8,144,3.224152
-6.2,144,3.829404
-4.8,144,4.712316
-6.4,144,5.570971
-7.2,144,6.245362
-8.0,144,7.043396
-6.2,144,7.851169
-6.8,144,8.671208
-6.8,144,9.321892
-7.8,144,10.114708
-6.4,144,10.979229
-6.8,144,11.791552
-5.6,144,12.520939
-6.4,144,13.297312
-7.2,144,14.136724
-6.8,144,14.81091
-6.2,144,15.601992
-6.6,144,16.384503
-6.6,144,17.193838
-6.8,144,17.945383
-6.4,144,18.832214
-6.2,144,19.691888
-6.0,144,20.521377
-6.4,144,21.334871
-7.0,144,22.209497
-7.4,144,23.02431
-6.2,144,23.92611
-6.8,144,24.758327
-6.0,144,25.65191
-5.4,144,26.515547
-6.6,144,27.391321
-7.0,144,28.373967
-7.0,144,29.27225
-6.0,144,29.965608
-6.6,144,30.775926
-6.4,144,31.532036
-6.0,144,32.209547
-7.2,144,32.846601
-5.0,144,33.59739
-6.4,144,34.330633
-6.6,144,34.949798
-7.6,144,36.055706
-6.2,144,36.971112
-6.6,144,37.8204
-6.6,144,38.572237
-6.4,144,39.474432
-7.4,144,40.317633
-5.6,144,41.03346
-5.6,144,41.886329
-7.4,144,42.787316
-6.2,144,43.661814
-6.6,144,44.305814
-7.4,144,45.120519
-6.4,144,45.943421
-6.6,144,46.662623
-5.8,144,47.699238
-6.2,144,48.487198
-5.8,144,49.333715
-6.2,144,49.971137
-5.0,144,50.783291
-5.8,144,51.53515
-6.4,144,52.253755
-6.4,144,52.900849
-7.2,144,53.831531
-6.8,144,54.888596
-6.6,144,55.591546
-6.0,144,56.336849
-5.8,144,57.704636
-7.0,144,58.474929
-6.4,144,59.175954
-6.4,144,60.206963
-6.8,144,60.978065
-5.6,144,61.848213
-6.0,144,62.696981
-6.2,144,63.57171
-6.4,144,64.30191
-6.2,144,64.931128
-6.2,144,65.788907
-6.4,144,66.58098
-6.0,144,67.738472
-6.0,144,68.375851
-6.8,144,69.224675
-6.6,144,70.132794
-6.6,144,70.770032
-6.2,144,71.680944
-6.2,144,72.501387
-5.8,144,73.503478
-6.2,144,74.193771
-5.0,144,75.021432
-5.4,144,75.897686
-6.8,144,76.470132
-6.0,144,77.23258
-6.4,144,78.092175
-4.8,144,78.815714
-6.4,144,79.459629
-6.8,144,80.320237
-7.6,144,81.092432
-5.2,144,81.707938
-5.8,144,82.626145
-4.8,144,83.429884
-6.4,144,84.189743
-5.2,144,84.803693
-6.6,144,85.533601
-5.2,144,86.471503
-6.6,144,87.353486
-6.4,144,88.06087
-6.2,144,89.207502
-5.6,144,90.105281
-6.2,144,90.734967
-6.4,144,91.488101
-6.6,144,92.361869
-5.8,144,93.043766
-6.0,144,93.675823
-6.0,144,94.521187
-5.8,144,95.256711
-6.4,144,95.873793
-7.0,144,96.603492
-7.0,144,97.355242
-7.8,144,98.051554
-7.0,144,98.661923
-5.2,144,99.579617
-6.0,144,100.340867
-6.8,144,100.9316
-5.0,144,101.860127
-6.2,144,102.634101
-7.2,144,103.379164
-5.6,144,104.003865
-6.0,144,104.88194
-7.0,144,105.691048
-6.0,144,106.318651
-6.0,144,106.964523
-6.0,144,107.78063
-5.4,144,108.513587
-5.6,144,109.135997
-6.4,144,110.046931
-6.6,144,110.864924
-6.2,144,111.55748
-6.0,144,112.248489
-6.2,144,113.050828
-5.4,144,113.888753
-6.6,144,114.510156
-5.2,144,115.295935
-6.4,144,116.127998
-6.6,144,116.90695
-6.2,144,117.513179
-6.4,144,118.330712
-5.4,144,119.111705
-5.8,144,119.808757
-6.2,144,120.692289
-5.0,144,121.938038
-6.8,144,122.68892
-6.8,144,123.292002
-4.8,144,124.051346
-6.2,144,124.78016
-5.6,144,125.439426
-5.8,144,126.053581
-5.8,144,126.798257
-6.0,144,127.524883
-7.4,144,128.10737
-5.2,144,128.905572
-5.6,144,129.904018
-6.2,144,130.650362
-6.6,144,131.369412
-4.2,144,132.39304
-5.6,144,133.263739
-5.6,144,133.868086
-5.6,144,134.688989
-6.2,144,135.566865
-7.2,144,136.297897
-5.6,144,136.927776
-5.4,144,137.663286
-5.0,144,138.400964
-6.0,144,138.983055
-5.6,144,139.73414
-6.0,144,140.676708
-4.8,144,141.457142
-5.0,144,142.059768
-4.6,144,142.999368
-6.2,144,143.9658
-5.4,144,144.704421
-4.6,144,145.407187
-6.0,144,146.250458
-6.6,144,146.99791
-6.8,144,147.605912
-6.2,144,148.359471
-6.0,144,149.13548
-6.0,144,149.817587
-5.8,144,150.450602
-5.2,144,151.226487
-5.8,144,151.976801
-6.2,144,152.561957
-5.8,144,153.31111
-6.4,144,154.051956
-7.0,144,154.747692
-5.8,144,155.389203
-6.4,144,156.139432
-5.8,144,157.022263
-4.6,144,158.314969
-6.2,144,159.103166
-6.4,144,159.904564
-5.4,144,160.662715
-4.8,144,161.26298
-5.2,144,162.116449
-5.6,144,163.005372
-6.4,144,163.746238
-5.2,144,164.950125
-7.2,144,165.898012
-4.6,144,166.727706
-5.8,144,167.393111
-7.4,144,168.28269
-5.6,144,169.713354
-5.2,144,170.38843
-5.6,144,171.082357
-6.2,144,171.837967
-4.8,144,172.574225
-4.4,144,173.157504
-5.4,144,173.911851
-5.0,144,174.672826
-5.6,144,175.519196
-5.4,144,176.29104
-5.4,144,177.089682
-4.4,144,177.84997
-6.0,144,178.441347
-5.8,144,179.201979
-6.0,144,179.987476
-6.4,144,180.718454
-6.2,144,181.341701
-6.4,144,182.115482
-7.2,144,182.908132
-6.2,144,183.579123
-5.8,144,184.278334
-5.6,144,185.0302
-5.6,144,185.769945
-5.0,144,186.480956
-6.0,144,187.288062
-7.2,144,188.155015
-5.2,144,188.958329
-6.8,144,190.415696
-4.0,144,191.613439
-5.6,144,192.865797
-6.0,144,193.451724
-5.2,144,194.267946
-5.8,144,195.090207
-5.2,144,196.064358
-6.0,144,196.805079
-5.6,144,197.699572
-5.6,144,198.667135
-5.2,144,199.297551
-5.4,144,200.255773
-5.6,144,201.122119
-5.6,144,202.318849
-6.2,144,202.982975
-6.2,144,203.862389
-5.6,144,204.716702
-5.6,144,205.352337
-4.8,144,206.008829
-4.6,144,206.843485
-4.0,144,207.627189
-4.6,144,208.2487
-5.6,144,208.990825
-5.6,144,209.942939
-5.4,144,210.721778
-5.8,144,211.364298
-6.8,144,212.257573
-5.0,144,213.086006
-5.8,144,213.703604
-5.4,144,214.540138
-5.2,144,215.368598
-5.8,144,216.181302
-6.2,144,217.523717
-5.4,144,218.303297
-5.8,144,219.071343
-5.4,144,219.712294
-5.8,144,220.510035
-6.4,144,221.300191
-5.8,144,222.02882
-6.6,144,222.759243
-4.8,144,223.815906
-6.2,144,224.616818
-6.6,144,225.265137
-5.6,144,225.977516
-5.6,144,226.828513
-5.6,144,227.615423
-5.2,144,228.267706
-6.0,144,229.063067
-5.8,144,229.926608
-6.4,144,230.588027
-4.6,144,231.259734
-4.8,144,232.11243
-5.6,144,233.080049
-4.6,144,233.698184
-5.2,144,234.541514
-5.8,144,235.36417
-5.8,144,236.110915
-5.6,144,236.772536
-4.2,144,237.684865
-5.0,144,238.480583
-3.8,144,239.222509
-6.0,144,240.112767
-6.4,144,240.9484
-5.2,144,241.738319
-5.6,144,242.379019
-4.0,144,243.765697
-5.8,144,244.546472
-6.8,144,245.176146
-5.2,144,245.849928
-6.2,144,246.974677
-5.8,144,248.371979
-4.4,144,248.990515
-4.6,144,249.865878
-5.0,144,250.745891
-4.0,144,251.469059
-5.6,144,252.174237
-6.2,144,253.140838
-5.4,144,254.066017
-4.4,144,254.657094
-5.6,144,255.52681
-6.0,144,256.30951
-4.8,144,257.127657
-5.0,144,257.781991
-6.4,144,258.631831
-5.4,144,259.470201
-4.4,144,260.08447
-5.0,144,260.90773
-4.2,144,261.675753
-5.2,144,262.399505
-5.2,144,263.022337
-4.8,144,263.885985
-5.6,144,264.696583
-4.6,144,265.328053
-6.0,144,266.481761
-4.0,144,267.281583
-6.4,144,268.018396
-4.0,144,268.683934
-5.4,144,269.496597
-6.2,144,270.285415
-5.4,144,270.952619
-4.6,144,272.214181
-4.8,144,272.999631
-5.0,144,273.82769
-3.2,144,274.447161
-5.2,144,275.261068
-4.6,144,276.057925
-5.0,144,276.802129
-5.2,144,277.427791
-6.6,144,278.190388
-5.4,144,279.177016
-5.6,144,279.763899
-5.0,144,280.55815
-5.2,144,281.379728
-5.8,144,282.123807
-4.8,144,282.735811
-5.2,144,283.544407
-4.4,144,284.309391
-5.4,144,284.956412
-5.4,144,285.626708
-7.0,144,286.616153
-4.4,144,287.38712
-5.8,144,288.000223
-4.2,144,288.906662
-4.2,144,289.71174
-4.4,144,290.402953
-4.8,144,291.059605
-4.4,144,291.868693
-5.4,144,292.593083
-5.0,144,293.17678
-7.0,144,293.977316
-5.0,144,295.17029
-4.0,144,295.895375
-5.8,144,296.51014
-4.0,144,297.362818
-6.4,144,298.245652
-4.8,144,298.876531
-5.6,144,299.71846
-4.4,144,300.559818
-5.2,144,301.287509
-5.8,144,301.964094
-5.0,144,302.808173
-4.4,144,303.650824
-6.0,144,304.392271
-4.4,144,305.135079
-5.0,144,305.99502
-4.0,144,306.774368
-6.0,144,307.485319
-3.8,144,308.394885
-5.8,144,309.281394
-4.8,144,309.974173
-3.8,144,311.144287
-4.4,144,312.047418
-5.2,144,312.801696
-4.4,144,313.45423
-4.6,144,314.569045
-4.8,144,315.318574
-4.8,144,316.023309
-4.8,144,316.72292
-4.2,144,317.589495
-5.4,144,318.345383
-4.2,144,318.939451
-5.6,144,320.235042
-4.6,144,321.06686
-5.2,144,321.832687
-4.0,144,322.545144
-5.0,144,323.443763
-5.2,144,324.31211
-5.0,144,325.080665
-5.4,144,326.53773
-4.2,144,327.581819
-4.4,144,328.758021
-3.8,144,330.036544
-5.4,144,331.034798
-5.8,144,332.003094
-3.0,144,332.966551
-4.0,144,333.66368
-6.2,144,334.501321
-3.4,144,335.443355
-4.4,144,336.203823
-4.4,144,337.110152
-4.6,144,338.042775
-5.2,144,338.749621
-6.0,144,339.386115
-4.8,144,340.367179
-4.8,144,341.233775
-5.0,144,341.982392
-4.4,144,342.878932
-3.4,144,343.822963
-4.0,144,344.946701
-5.4,144,345.649376
-3.8,144,346.464075
-5.4,144,347.481341
-2.8,144,348.181774
-5.0,144,349.38278
-5.2,144,350.296346
-3.4,144,351.074166
-4.8,144,351.712133
-5.4,144,352.51577
-5.2,144,353.361587
-5.0,144,354.046459
-3.6,144,354.795338
-4.6,144,355.782027
-4.4,144,356.634165
-5.2,144,357.26769
-3.0,144,358.079031
-5.2,144,358.872096
-5.2,144,359.616318
-5.0,144,360.299176
-5.8,144,361.090562
-4.4,144,361.854251
-4.0,144,362.46768
-2.8,144,363.346426
-5.4,144,364.187316
-3.8,144,364.950143
-3.0,144,365.591075
-4.0,144,366.434664
-5.0,144,367.197377
-3.4,144,367.897608
-5.2,144,369.097015
-4.2,144,369.968155
-5.2,144,370.810392
-4.6,144,371.491833
-4.2,144,372.440146
-3.0,144,373.319902
-3.2,144,374.140876
-5.8,144,374.814001
-3.8,144,375.640152
-3.2,144,376.516821
-2.4,144,377.134432
-4.8,144,378.023388
-4.2,144,378.976142
-5.2,144,379.736048
-4.8,144,380.345861
-4.4,144,381.220778
-3.2,144,382.088314
-3.6,144,382.755598
-3.4,144,383.578672
-4.8,144,384.35575
-3.0,144,385.114704
-4.4,144,385.738545
-3.8,144,386.599363
-3.8,144,387.419424
-3.4,144,388.06853
-4.0,144,388.752692
-5.0,144,389.867536
-4.8,144,390.720144
-3.8,144,392.073508
-3.0,144,393.270871
-4.2,144,394.261099
-4.4,144,395.087542
-4.0,144,396.280096
-3.8,144,397.259885
-2.4,144,398.022709
-4.8,144,399.076168
-6.0,144,399.907395
-5.4,144,400.768575
-3.2,144,401.710257
-5.6,144,402.508738
-4.8,144,403.486324
-4.4,144,404.460094
-3.8,144,405.132004
-5.6,144,406.126532
-4.0,144,407.134501
-5.0,144,408.000735
-4.0,144,408.675528
-4.2,144,409.546748
-3.0,144,411.171598
-5.2,144,411.855894
-4.6,144,412.677819
-4.0,144,413.584059
-5.4,144,414.287487
-4.2,144,414.974755
-4.4,144,415.800517
-3.6,144,416.6143
-3.0,144,417.68888
-4.0,144,418.3386
-2.8,144,419.274752
-3.0,144,420.042168
-3.2,144,420.682381
-3.6,144,421.46038
-3.4,144,422.272328
-2.8,144,422.960141
-2.8,144,424.168338
-4.6,144,424.993531
-5.4,144,425.801636
-4.0,144,426.467527
-3.6,144,427.414616
-5.0,144,428.336127
-3.6,144,429.181061
-4.6,144,430.587935
-4.8,144,431.407872
-3.0,144,432.159458
-3.6,144,432.825743
-4.8,144,433.588731
-4.4,144,434.329728
-5.0,144,435.658519
-3.2,144,436.732881
-4.4,144,437.897136
-3.6,144,439.0648
-4.0,144,440.038533
-3.8,144,441.257881
-4.0,144,442.155155
-2.8,144,442.927866
-4.0,144,443.608765
-4.2,144,445.056919
-4.6,144,445.948988
-4.6,144,446.699324
-3.6,144,447.960164
-3.2,144,448.808403
-5.6,144,450.196068
-3.2,144,451.147251
-5.4,144,452.499512
-3.8,144,453.433999
-3.2,144,454.191145
-4.0,144,454.859758
-4.0,144,455.797611
-5.2,144,457.207958
-2.4,144,458.109415
-3.8,144,459.313834
-2.6,144,460.35494
-4.2,144,461.609467
-3.4,144,462.721786
-4.4,144,463.808847
-3.6,144,465.025645
-3.6,144,465.818937
-3.2,144,466.631413
-4.0,144,467.497218
-3.4,144,468.34203
-3.2,144,469.11788
-4.2,144,470.06847
-3.8,144,471.247353
-4.4,144,472.089506
-3.2,144,474.265664
-3.2,144,476.918289
-3.6,144,478.781814
-3.2,144,480.842462
-4.0,144,483.113268
-3.4,144,484.840299
-3.8,144,486.543976
-4.6,144,488.017386
-3.8,144,489.855467
-3.2,144,491.257681
-3.2,144,492.22343
-4.6,144,493.09589
-2.4,144,494.07488
-4.4,144,495.293537
-3.0,144,496.122331
-2.4,144,497.054207
-3.8,144,498.44951
-3.2,144,499.234321
-3.0,144,500.437158
-3.4,144,501.249542
-4.2,144,502.344853
-4.0,144,503.196183
-4.2,144,504.07097
-2.6,144,504.926931
-3.6,144,505.895448
-3.4,144,506.683553
-2.8,144,507.667239
-2.0,144,508.633597
-3.0,144,509.304132
-3.8,144,510.260067
-2.0,144,511.049231
-4.0,144,511.853594
-3.6,144,512.601513
-4.6,144,513.504845
-4.0,144,514.565784
-3.4,144,515.277935
-3.2,144,516.202076
-2.2,144,517.297255
-3.6,144,518.007793
-3.4,144,518.740223
-3.4,144,519.570794
-3.6,144,520.54968
-2.6,144,521.402171
-4.0,144,522.084332
-3.0,144,523.010187
-3.2,144,524.0272
-3.0,144,524.689313
-3.2,144,525.708138
-3.4,144,526.786111
-3.8,144,527.643617
-2.8,144,528.490992
-4.4,144,529.338118
-3.4,144,530.218915
-3.2,144,530.951085
-2.6,144,531.799882
-2.8,144,532.893935
-2.6,144,533.757924
-4.0,144,534.586189
-2.8,144,535.547714
-4.6,144,536.426875
-1.4,144,537.154207
-4.0,144,537.937417
-4.0,144,538.926744
-4.2,144,540.055763
-2.4,144,540.799645
-2.4,144,541.777065
-3.8,144,542.747078
-4.0,144,544.691176
-5.2,144,545.809126
-3.4,144,547.262048
-3.8,144,548.481366
-3.4,144,549.298492
-4.2,144,550.38383
-4.4,144,551.611457
-3.8,144,552.869013
-3.6,144,554.049664
-4.2,144,555.71647
-3.8,144,556.628438
-2.8,144,557.30985
-3.2,144,558.073737
-1.8,144,558.933535
-3.4,144,559.712266
-3.0,144,560.699527
-4.4,144,561.583561
-3.2,144,562.979814
-2.2,144,563.769758
-3.0,144,564.557224
-3.0,144,565.92239
-3.8,144,566.6728
-3.4,144,567.656597
-3.6,144,568.568839
-2.6,144,569.55882
-3.6,144,570.431073
-4.0,144,571.167574
-3.2,144,572.577478
-2.2,144,573.56196
-2.8,144,574.59676
-3.2,144,575.531489
-4.2,144,576.555262
-2.4,144,577.53545
-3.0,144,578.85495
-2.2,144,580.194153
-3.6,144,581.776139
-3.4,144,582.731648
-3.4,144,583.952031
-3.8,144,585.409518
-4.6,144,586.692066
-3.0,144,587.48247
-1.8,144,588.4346
-2.6,144,589.420953
-3.4,144,591.372832
-2.0,144,592.165159
-2.8,144,593.199172
-2.0,144,594.249371
-2.8,144,595.124177
-3.0,144,596.082892
-3.0,144,597.376412
-2.8,144,598.687844
-4.0,144,599.514678
-2.4,144,601.018208
-2.6,144,602.031087
-2.8,144,602.847208
-3.0,144,603.733781
-2.6,144,604.760043
-3.0,144,605.748664
-2.8,144,606.685394
-2.0,144,607.530385
-1.6,144,608.61812
-3.0,144,609.349122
-2.8,144,610.447084
-3.0,144,611.266071
-2.6,144,612.019547
-3.6,144,612.774318
-2.4,144,613.649366
-3.4,144,614.757025
-2.8,144,615.622974
-3.4,144,616.379225
-2.6,144,617.213782
-3.2,144,618.455797
-2.2,144,619.272226
-3.4,144,620.1016
-3.4,144,620.948527
-3.4,144,621.650489
-1.4,144,622.462083
-2.2,144,623.259423
-2.8,144,624.264353
-2.6,144,625.065129
-2.4,144,625.91432
-3.6,144,626.708253
-2.8,144,627.455273
-4.0,144,628.061103
-2.2,144,628.826841
-2.6,144,629.758651
-3.8,144,630.412402
-2.8,144,631.233704
-2.0,144,632.013455
-2.8,144,632.76472
-4.2,144,633.376092
-3.4,144,634.159054
-1.4,144,634.95409
-2.2,144,635.660022
-3.2,144,636.303383
-3.6,144,637.069969
-3.2,144,637.80911
-2.2,144,638.414155
-2.0,144,639.176916
-2.8,144,639.940636
-2.4,144,640.702206
-2.4,144,641.320464
-2.6,144,642.09641
-2.4,144,642.854134
-3.8,144,643.458978
-2.0,144,644.227996
-2.8,144,644.992528
-3.4,144,645.770706
-3.8,144,646.382277
-3.2,144,647.142256
-2.4,144,647.910802
-2.2,144,648.5269
-2.4,144,649.37206
-3.6,144,650.178155
-2.4,144,650.988364
-2.6,144,651.589308
-1.8,144,652.371969
-2.6,144,653.143589
-2.2,144,653.777837
-2.4,144,654.485903
-1.4,144,655.261815
-0.8,144,656.047638
-1.8,144,656.681464
-2.8,144,657.432979
-4.0,144,658.184049
-2.6,144,658.914493
-3.0,144,659.569281
-4.4,144,660.358958
-1.8,144,661.154291
-4.4,144,661.764436
-1.4,144,662.538803
-3.2,144,663.31686
-1.4,144,664.071648
-2.4,144,664.70445
-2.6,144,665.485018
-3.4,144,666.240763
-3.2,144,666.848783
-1.8,144,667.70529
-1.6,144,668.494141
-1.6,144,669.326908
-2.0,144,670.010104
-2.6,144,670.954916
-2.8,144,671.730232
-2.2,144,672.391019
-2.8,144,673.057916
-2.8,144,673.904691
-3.6,144,674.794881
-2.6,144,675.447031
-2.8,144,676.535721
-2.6,144,677.519123
-2.4,144,678.209416
-2.4,144,678.862575
-2.4,144,679.638595
-2.4,144,680.442085
-2.4,144,681.073319
-1.2,144,681.862658
-3.0,144,682.666664
-2.0,144,683.403631
-1.2,144,684.026753
-2.0,144,684.788917
-2.8,144,685.566069
-1.6,144,686.190856
-2.4,144,686.989935
-2.0,144,687.746528
-3.0,144,688.508104
-3.0,144,689.129656
-3.0,144,689.892468
-2.8,144,690.682933
-1.4,144,691.387835
-3.0,144,692.060224
-1.8,144,692.84279
-1.8,144,693.626788
-2.4,144,694.267548
-1.6,144,695.065525
-1.6,144,695.84361
-2.2,144,696.517775
-1.0,144,697.193127
-1.4,144,698.001953
-3.0,144,698.766389
-1.6,144,699.380642
-1.0,144,700.16603
-3.4,144,700.937309
-0.8,144,701.707189
-2.4,144,702.351508
-1.8,144,703.163296
-2.0,144,703.951976
-2.2,144,704.643748
-1.8,144,705.436038
-2.0,144,706.205535
-2.4,144,706.970152
-2.2,144,707.620116
-2.4,144,708.394642
-1.4,144,709.214005
-1.6,144,709.935619
-2.4,144,710.676913
-2.4,144,711.476986
-0.8,144,712.274627
-2.8,144,712.912934
-1.2,144,713.699657
-3.4,144,714.48289
-1.6,144,715.215068
-2.6,144,715.975707
-2.2,144,716.903398
-1.6,144,717.941802
-1.4,144,718.817414
-1.2,144,719.714447
-2.0,144,720.539042
-2.4,144,721.311927
-2.4,144,721.937083
-1.2,144,722.721957
-1.6,144,723.553148
-1.0,144,724.193131
-2.2,144,724.977413
-1.2,144,725.753767
-2.0,144,726.574686
-2.2,144,727.192855
-1.4,144,727.961404
-1.0,144,728.754574
-2.0,144,729.57112
-2.4,144,730.287255
-1.2,144,731.057883
-1.4,144,731.815797
-1.8,144,732.475769
-2.8,144,733.232965
-1.4,144,734.286797
-1.2,144,735.028738
-1.8,144,735.679575
-1.4,144,736.54162
-2.0,144,737.341983
-1.4,144,737.96585
-1.8,144,738.747336
-0.6,144,739.595926
-0.6,144,740.41222
-2.0,144,741.050471
-2.2,144,741.810513
-0.4,144,742.591067
-1.6,144,743.223872
-2.6,144,743.984913
-1.4,144,744.764829
-1.6,144,745.561502
-1.6,144,746.225585
-1.2,144,746.99314
-1.8,144,747.775683
-1.2,144,748.470287
-1.2,144,749.134473
-1.4,144,749.952291
-2.0,144,750.762224
-2.0,144,751.417932
-2.4,144,752.189244
-1.2,144,753.010789
-1.0,144,753.719934
-1.6,144,754.386127
-3.0,144,755.182756
-1.4,144,756.012888
-1.0,144,756.6477
-2.2,144,757.433053
-1.4,144,758.277997
-1.4,144,759.056293
-1.2,144,759.689352
-2.4,144,760.502431
-1.4,144,761.294145
-0.8,144,761.926695
-1.2,144,762.697007
-0.8,144,763.454725
-1.6,144,764.222349
-1.8,144,764.850318
-0.8,144,765.662175
-1.2,144,766.452395
-0.6,144,767.130223
-0.6,144,767.96831
-1.4,144,768.833726
-1.6,144,769.621576
-1.8,144,770.312553
-2.2,144,771.18836
-1.0,144,772.000915
-1.2,144,772.704519
-0.6,144,773.883892
-3.4,144,774.662472
-2.0,144,775.518066
-1.0,144,776.155128
-0.8,144,777.069409
-0.6,144,777.919498
-1.4,144,778.679723
-1.2,144,779.423165
-2.2,144,780.267744
-1.6,144,781.072343
-1.6,144,781.722096
-1.2,144,782.667042
-0.6,144,783.528431
-1.6,144,784.288868
-1.8,144,784.945488
-2.2,144,785.803741
-1.0,144,786.612459
-1.4,144,787.317982
-1.2,144,787.989842
-0.8,144,788.739398
-1.6,144,789.513464
-2.0,144,790.150714
-1.0,144,790.922124
-1.8,144,791.705395
-0.2,144,792.432578
-1.4,144,793.082195
-1.6,144,793.850858
-0.8,144,794.632013
-0.4,144,795.257198
-0.8,144,796.031659
-1.2,144,796.805017
-1.2,144,797.589615
-1.0,144,798.229117
-1.2,144,799.018617
-1.0,144,799.789806
-0.8,144,800.418196
-0.2,144,801.309685
-0.6,144,802.092537
-0.6,144,802.896
-0.4,144,803.55448
-1.0,144,804.331085
-1.2,144,805.097177
-1.0,144,805.765056
-1.2,144,806.415402
-1.6,144,807.17827
-0.4,144,807.954185
-0.8,144,808.611596
-0.4,144,809.395389
-0.6,144,810.166554
-1.2,144,810.870888
-1.4,144,811.520179
-1.2,144,812.304619
-1.6,144,813.096534
-0.6,144,813.760703
-0.8,144,814.540627
-1.4,144,815.323814
-0.8,144,816.097539
-1.2,144,816.74046
-0.8,144,817.529227
-0.2,144,818.31692
-0.8,144,818.953117
-0.8,144,819.735296
-0.2,144,820.504615
-0.8,144,821.265935
-0.6,144,821.892719
-1.6,144,822.751119
-1.2,144,823.552565
-1.6,144,824.216137
-0.6,144,824.891809
-1.2,144,825.688374
-0.4,144,826.497654
-1.4,144,827.149091
-1.2,144,827.924352
-1.2,144,828.70902
-0.6,144,829.470445
-0.8,144,830.117688
-0.4,144,830.926313
-0.2,144,831.732109
-0.8,144,832.363869
-0.6,144,833.145754
-0.8,144,833.941213
-0.6,144,834.717808
-0.4,144,835.341181
-0.2,144,836.109061
-0.2,144,836.898879
-1.0,144,837.538443
-0.6,144,838.324291
-0.2,144,839.115596
-1.0,144,839.913803
-1.4,144,840.545115
-1.2,144,841.310808
-1.0,144,842.112242
-0.6,144,842.803396
-0.6,144,843.468402
-0.4,144,844.284909
-0.2,144,845.129544
-1.2,144,845.772962
-0.2,144,846.570363
-0.6,144,847.362224
-0.6,144,848.069223
-0.6,144,848.720346
-1.0,144,849.498869
-0.8,144,850.291646
-0.4,144,850.922342
-0.4,144,851.688784
-0.6,144,852.458353
-0.4,144,853.207275
-0.2,144,853.841839
-0.2,144,854.642278
-0.6,144,855.443007
-0.4,144,856.088326
-0.8,144,856.896066
-0.6,144,857.686482
-0.8,144,858.483546
-0.2,144,859.151709
-0.4,144,859.958523
-0.6,144,861.460103
-0.2,144,862.412037
-0.6,144,863.66623
-0.2,144,864.492725
-0.2,144,865.33146
-0.2,144,866.056674
-0.4,144,866.859743
-0.8,144,867.62189
-0.2,144,868.346851
-0.2,144,869.055872
-0.2,144,869.83852
-0.2,144,870.616285
-0.2,144,871.573261
-0.6,144,872.929823
-0.4,144,873.721102
-0.2,144,874.584635
-0.2,144,875.258159
-0.8,144,876.045245
-0.2,144,876.848163
-0.2,144,877.54517
-0.2,144,878.39349
-0.2,144,879.205621
-0.2,144,879.993846
-1.0,144,880.615727
-1.4,144,881.401118
-0.2,144,882.176796
-0.2,144,882.861436
-0.6,144,883.572383
-0.2,144,884.364352
-0.2,144,885.130545
-0.2,144,885.747648
-0.2,144,886.515999
-0.2,144,887.301261
-0.6,144,888.034445
-0.6,144,888.73736
-0.2,144,889.551496
-0.6,144,890.436875
-0.4,144,891.068481
-0.4,144,891.844519
-0.2,144,892.653199
-0.6,144,893.483446
-0.6,144,894.137829
-0.2,144,894.924672
-0.2,144,895.701774
-0.6,144,896.319512
-0.6,144,897.108768
-0.4,144,897.911218
-0.4,144,898.690855
-1.0,144,899.330824
-0.2,144,900.125464
-0.6,144,900.892234
-0.6,144,901.561396
-1.2,144,902.217567
-0.2,144,903.006742
-0.2,144,903.811277
-0.2,144,904.498186
-0.6,144,905.307655
-0.6,144,906.085874
-0.6,144,906.82013
-0.2,144,907.477614
-0.2,144,908.286949
-0.2,144,909.106802
-1.0,144,909.769935
-0.2,144,910.543329
-0.6,144,911.332857
-0.6,144,912.101994
-0.4,144,912.755061
-0.2,144,913.579799
-0.8,144,914.39155
-0.2,144,915.04838
-0.2,144,915.81379
-0.6,144,916.589596
-0.2,144,917.359554
-0.2,144,917.995558
-0.2,144,918.79251
-0.2,144,919.628569
-0.2,144,920.328848
-0.6,144,920.996536
-0.2,144,921.788333
-0.4,144,922.577731
-0.6,144,923.238905
-0.2,144,924.052874
-0.2,144,924.84483
-0.2,144,925.607228
-1.4,144,926.260808
-0.2,144,927.044685
-0.6,144,927.823874
-0.6,144,928.444355
-0.8,144,929.25209
-0.4,144,930.06953
-1.6,144,930.868218
-0.4,144,931.500863
-0.2,144,932.276683
-1.0,144,933.052915
-0.8,144,933.932084
-0.2,144,934.762699
-0.2,144,935.602951
-0.2,144,936.393872
-0.2,144,937.04508
-0.2,144,937.842604
-0.6,144,938.642126
-0.8,144,939.358432
-0.2,144,940.057152
-0.8,144,940.876724
-0.2,144,941.661378
-0.4,144,942.282405
-0.2,144,943.072599
-1.0,144,943.886119
-0.2,144,944.623939
-0.2,144,945.270294
-0.2,144,946.096125
-1.0,144,946.911757
-0.2,144,947.573826
-0.8,144,948.371525
-0.2,144,949.181179
-0.2,144,949.973139
-0.4,144,950.667108
-0.2,144,951.496543
-0.6,144,952.307381
-0.4,144,952.952734
-0.2,144,953.765207
-0.6,144,954.559249
-0.2,144,955.392068
-0.2,144,956.05835
-0.2,144,956.868884
-0.4,144,957.645326
-0.2,144,958.337345
-0.2,144,958.986332
-0.2,144,959.779341
-0.2,144,960.574899
-0.2,144,961.24032
-0.2,144,962.030836
-0.2,144,962.829214
-0.2,144,963.584083
-0.6,144,964.254467
-0.2,144,965.056612
-0.8,144,965.873452
-0.2,144,966.513545
-0.2,144,967.338125
-0.8,144,968.195812
-0.2,144,969.095639
-0.2,144,969.743235
-0.6,144,970.544136
-0.2,144,971.333177
-0.2,144,971.969611
-0.4,144,972.785573
-0.2,144,973.631692
-0.6,144,974.393224
-0.6,144,975.024844
-0.2,144,975.801385
-0.2,144,976.608297
-0.2,144,977.340777
-0.2,144,978.05562
-0.2,144,978.852371
-0.2,144,979.648367
-0.2,144,980.305829
-0.6,144,981.095492
-0.4,144,981.877597
-0.4,144,982.638182
-0.2,144,983.328069
-0.2,144,984.169082
-0.2,144,984.964962
-0.2,144,985.607577
-0.6,144,986.381648
-0.6,144,987.166301
-0.6,144,987.946187
-0.6,144,988.65715
-0.2,144,989.449857
-0.4,144,990.237473
-0.2,144,990.875041
-0.2,144,991.675123
-0.4,144,992.476482
-1.0,144,993.29454
-0.2,144,993.961808
-0.8,144,994.765774
-1.0,144,995.57138
-0.2,144,996.263189
-0.2,144,996.935439
-0.2,144,997.733953
-0.2,144,998.573273
-0.2,144,999.251866
-0.2,144,1000.072799
-0.2,144,1000.86019
-0.2,144,1001.66606
-0.2,144,1002.300702
-0.2,144,1003.078747
-0.2,144,1003.858026
-0.2,144,1004.501222
-0.2,144,1005.285361
-0.2,144,1006.067377
-0.2,144,1006.816347
-0.8,144,1007.430123
-0.6,144,1008.210507
-0.2,144,1009.000271
-0.2,144,1009.675686
-0.2,144,1010.504988
-0.4,144,1011.292946
-0.2,144,1012.078624
-0.2,144,1012.713377
-0.2,144,1013.516272
-0.4,144,1014.358619
-0.6,144,1015.080284
-0.2,144,1015.7575
-0.6,144,1016.528349
-0.6,144,1017.300323
-0.8,144,1017.90936
-0.6,144,1018.689431
-0.8,144,1019.471284
-0.2,144,1020.201421
-0.2,144,1020.828492
-0.6,144,1021.590643
-0.2,144,1022.362106
-0.4,144,1022.980591
-0.2,144,1023.761314
-0.2,144,1024.571217
-0.2,144,1025.357992
-0.2,144,1025.995141
-0.6,144,1026.776638
-0.2,144,1027.583334
-1.0,144,1028.209048
-0.2,144,1029.082834
-0.2,144,1029.983753
-0.2,144,1030.812837
-0.2,144,1031.428795
-0.4,144,1032.194355
-0.2,144,1032.993294
-0.6,144,1033.660432
-0.2,144,1034.315176
-0.2,144,1035.176968
-0.2,144,1035.966136
-0.2,144,1036.591123
-1.0,144,1037.355752
-0.2,144,1038.126891
-0.2,144,1038.840473
-0.4,144,1039.513103
-0.2,144,1040.330822
-0.2,144,1041.149618
-0.2,144,1041.775893
-0.6,144,1042.577998
-0.2,144,1043.379143
-0.2,144,1044.163441
-0.2,144,1044.817078
-0.6,144,1045.626765
-0.2,144,1046.406556
-0.2,144,1047.029808
-0.2,144,1047.805371
-0.4,144,1048.585806
-0.2,144,1049.347509
-0.2,144,1049.992648
-0.2,144,1050.798704
-0.4,144,1051.578989
-0.2,144,1052.254663
-0.6,144,1052.913097
-0.4,144,1053.698759
-0.2,144,1054.499444
-0.2,144,1055.159263
-0.2,144,1055.96307
-0.2,144,1056.743033
-1.0,144,1057.4877
-0.2,144,1058.159843
-0.2,144,1058.962895
-0.2,144,1059.769127
-0.2,144,1060.415574
-0.2,144,1061.216913
-0.2,144,1062.006314
-0.8,144,1062.787788
-0.2,144,1063.417603
-0.4,144,1064.189171
-0.6,144,1064.96969
-0.2,144,1065.604467
-0.2,144,1066.414424
-0.4,144,1067.201047
-0.2,144,1067.969798
-0.2,144,1068.618761
-0.2,144,1069.4013
-0.2,144,1070.208529
-0.4,144,1070.904825
-0.2,144,1071.599496
-0.2,144,1072.41379
-0.6,144,1073.208561
-1.0,144,1073.879228
-0.4,144,1074.670423
-0.2,144,1075.505732
-0.2,144,1076.223641
-0.6,144,1076.87906
-0.4,144,1077.655664
-0.2,144,1078.43775
-0.2,144,1079.069838
-0.2,144,1079.831533
-0.2,144,1080.60493
-0.6,144,1081.399646
-0.2,144,1082.04281
-0.2,144,1082.819256
-0.2,144,1083.605567
-0.2,144,1084.258533
-0.4,144,1085.054552
-0.4,144,1085.847808
-0.2,144,1086.651809
-0.2,144,1087.34061
-0.2,144,1088.160965
-0.2,144,1088.982485
-0.2,144,1089.772309
-0.6,144,1090.443293
-0.2,144,1091.213281
-0.6,144,1091.991144
-0.2,144,1092.678482
-0.2,144,1093.456574
-0.2,144,1094.229291
-0.2,144,1094.940318
-1.0,144,1095.600293
-1.0,144,1096.374655
-0.8,144,1097.166389
-0.6,144,1097.828644
-0.6,144,1098.623642
-0.2,144,1099.422056
-0.2,144,1100.210461
-0.2,144,1100.857924
-0.2,144,1101.658825
-0.6,144,1102.47922
-0.2,144,1103.139264
-0.6,144,1103.947192
-0.2,144,1104.761607
-0.2,144,1105.550059
-0.2,144,1106.166775
-0.2,144,1106.941532
-0.2,144,1107.726332
-0.2,144,1108.451926
-0.2,144,1109.125231
-0.6,144,1109.909943
-0.2,144,1110.681091
-0.2,144,1111.324028
-0.2,144,1112.101546
-0.6,144,1112.89042
-0.2,144,1113.684627
-1.2,144,1114.351254
-0.6,144,1115.15435
-0.4,144,1115.943595
-0.2,144,1116.600013
-0.8,144,1117.441558
-0.6,144,1118.250629
-0.6,144,1119.1079
-0.2,144,1119.74693
-0.4,144,1120.554661
-1.0,144,1121.341661
-0.2,144,1121.961502
-0.2,144,1122.743566
-0.2,144,1123.54455
-0.4,144,1124.301564
-0.2,144,1124.925593
-0.2,144,1125.738153
-0.2,144,1126.525063
-0.2,144,1127.197214
-0.2,144,1127.856588
-0.2,144,1128.675829
-0.2,144,1129.475277
-0.2,144,1130.123537
-0.2,144,1130.923384
-0.2,144,1131.710257
-0.6,144,1132.455209
-0.6,144,1133.133266
-0.2,144,1133.942911
-0.2,144,1134.73895
-0.2,144,1135.365535
-0.6,144,1136.127348
-0.2,144,1136.891039
-0.2,144,1137.647751
-0.2,144,1138.278435
-0.2,144,1139.063533
-0.4,144,1139.874515
-0.2,144,1140.507647
-0.2,144,1141.283083
-1.0,144,1142.045735
-0.2,144,1142.818384
-1.4,144,1143.439394
-0.2,144,1144.24744
-0.2,144,1145.136928
-0.2,144,1145.832112
-0.6,144,1146.514249
-0.2,144,1147.301481
-0.2,144,1148.091399
-0.2,144,1148.7671
-1.0,144,1149.56081
-0.2,144,1150.356289
-0.2,144,1151.063119
-0.4,144,1151.685752
-0.6,144,1152.466984
-0.6,144,1153.232717
-0.6,144,1153.854876
-0.2,144,1154.652201
-0.6,144,1155.429701
-0.2,144,1156.176664
-0.2,144,1156.795195
-0.4,144,1157.561267
-0.2,144,1158.336885
-0.2,144,1158.985017
-0.2,144,1159.815947
-0.4,144,1160.610673
-0.2,144,1161.392988
-0.6,144,1162.039174
-0.6,144,1162.83895
-0.4,144,1163.635282
-0.2,144,1164.375346
-1.0,144,1165.051375
-0.8,144,1165.815556
-0.2,144,1166.583101
-0.2,144,1167.199642
-0.2,144,1167.970627
-0.2,144,1168.741879
-0.4,144,1169.454436
-0.2,144,1170.111231
-0.2,144,1170.896471
-0.4,144,1171.681388
-0.2,144,1172.389792
-0.2,144,1173.185858
-0.2,144,1173.982233
-0.6,144,1174.771155
-0.2,144,1175.440277
-0.2,144,1176.240975
-0.4,144,1177.038471
-0.4,144,1177.690143
-0.2,144,1178.500836
-0.2,144,1179.294492
-0.6,144,1180.087772
-0.2,144,1180.726077
-0.6,144,1181.503403
-0.2,144,1182.28296
-0.2,144,1182.945523
-0.2,144,1183.604127
-0.2,144,1184.368686
-0.2,144,1185.151696
-0.2,144,1185.808451
-0.2,144,1186.59578
-1.0,144,1187.359663
-0.2,144,1188.069041
-0.2,144,1188.729002
-0.2,144,1189.543053
-0.6,144,1190.351138
-0.2,144,1191.003783
-0.6,144,1191.792722
-0.6,144,1192.589706
-0.2,144,1193.378083
-0.2,144,1194.027775
-0.2,144,1194.811695
-0.4,144,1195.615973
-0.6,144,1196.243458
-0.2,144,1197.018792
-0.6,144,1197.792107
-0.6,144,1198.558252
-0.2,144,1199.192628
-1.0,144,1200.016792
-0.2,144,1200.787854
-0.2,144,1201.502194
-0.2,144,1202.172917
-0.4,144,1202.962339
-0.2,144,1203.758957
-0.2,144,1204.428606
-0.4,144,1205.210433
-0.6,144,1205.99688
-0.6,144,1206.759676
-0.2,144,1207.426653
-0.6,144,1208.234012
-0.2,144,1209.03807
-0.2,144,1209.683127
-1.4,144,1210.463245
-0.2,144,1211.23695
-0.2,144,1211.999645
-0.6,144,1212.626464
-0.2,144,1213.386307
-0.2,144,1214.163056
-0.6,144,1214.778437
-0.2,144,1215.564817
-0.2,144,1216.349717
-0.4,144,1217.126024
-0.6,144,1217.773687
-0.2,144,1218.577694
-0.2,144,1219.397285
-0.6,144,1220.121594
-0.2,144,1221.527413
-0.2,144,1222.390114
-0.2,144,1223.200565
-0.6,144,1223.871947
-0.4,144,1224.731662
-0.8,144,1225.582065
-0.4,144,1226.282587
-0.6,144,1227.811223
-0.4,144,1228.704242
-0.8,144,1229.483466
-0.2,144,1230.111151
-0.2,144,1230.935968
-0.4,144,1231.745395
-0.6,144,1232.507845
-1.0,144,1233.203017
-0.8,144,1234.087938
-0.2,144,1234.883508
-0.2,144,1235.519696
-0.2,144,1236.405183
-0.2,144,1237.253668
-0.6,144,1238.034178
-1.0,144,1238.722182
-0.2,144,1239.552205
-0.6,144,1240.353668
-0.2,144,1241.067993
-0.6,144,1241.745399
-0.4,144,1242.524343
-0.6,144,1243.301291
-0.4,144,1243.930762
-0.2,144,1244.738968
-0.6,144,1245.513564
-1.0,144,1246.208764
-0.2,144,1246.829504
-0.2,144,1247.605036
-0.2,144,1248.381356
-0.2,144,1249.021002
-0.6,144,1249.81489
-0.2,144,1250.605378
-0.2,144,1251.406899
-0.2,144,1252.049982
-0.6,144,1252.833009
-0.2,144,1253.635461
-0.6,144,1254.307267
-0.2,144,1255.208457
-0.6,144,1255.989857
-0.2,144,1256.770273
-0.4,144,1257.384725
-0.2,144,1258.155683
-0.4,144,1258.919201
-0.8,144,1259.603345
-0.8,144,1260.325927
-0.6,144,1261.12811
-1.0,144,1261.893945
-0.4,144,1262.536845
-1.0,144,1263.303022
-0.4,144,1264.088131
-0.2,144,1264.81273
-0.2,144,1265.507218
-0.2,144,1266.313483
-0.2,144,1267.103127
-0.2,144,1267.729265
-0.6,144,1268.562145
-0.2,144,1269.353328
-0.2,144,1270.173845
-0.2,144,1270.840565
-0.2,144,1271.640236
-0.2,144,1272.434221
-0.2,144,1273.055154
-0.6,144,1273.82054
-0.2,144,1274.664603
-0.2,144,1275.46668
-1.0,144,1276.095585
-0.2,144,1276.939539
-0.2,144,1277.775606
-0.8,144,1278.494057
-0.6,144,1279.274033
-0.2,144,1280.287818
-0.4,144,1281.14455
-0.6,144,1281.869897
-0.6,144,1282.658966
-0.6,144,1283.545218
-0.6,144,1284.351415
-0.2,144,1285.06505
-0.2,144,1285.944571
-0.2,144,1286.80465
-0.6,144,1287.474452
-0.6,144,1288.273055
-0.6,144,1289.037944
-0.2,144,1289.797125
-0.6,144,1290.421602
-0.2,144,1291.281787
-0.2,144,1292.065011
-0.2,144,1292.721263
-0.6,144,1293.495514
-0.2,144,1294.28408
-0.2,144,1295.050099
-0.2,144,1295.694772
-0.8,144,1296.487871
-0.4,144,1297.321305
-1.0,144,1298.040831
-0.6,144,1298.706009
-0.2,144,1299.507646
-0.6,144,1300.292456
-0.2,144,1300.950052
-0.2,144,1301.762841
-0.6,144,1302.599278
-0.6,144,1303.335742
-0.2,144,1303.975776
-0.2,144,1304.7607
-0.6,144,1305.537244
-0.2,144,1306.167437
-0.2,144,1306.95271
-0.2,144,1307.733963
-0.8,144,1308.554755
-0.4,144,1309.205149
-0.4,144,1310.065431
-0.2,144,1310.863167
-0.6,144,1311.504628
-1.0,144,1312.426225
-0.2,144,1313.250223
-0.6,144,1314.079846
-0.4,144,1314.750249
-0.2,144,1315.562878
-0.2,144,1316.370883
-0.2,144,1317.081079
-0.2,144,1317.754332
-0.6,144,1318.580511
-0.2,144,1319.375229
-0.2,144,1320.005128
-0.2,144,1320.799522
-0.8,144,1321.561681
-0.2,144,1322.289747
-0.2,144,1322.94382
-0.2,144,1323.764659
-1.2,144,1324.547883
-0.2,144,1325.164225
-0.2,144,1325.957772
-0.2,144,1326.77167
-0.6,144,1327.57127
-0.6,144,1328.238504
-0.2,144,1329.06363
-0.6,144,1329.98725
-0.2,144,1330.639625
-0.2,144,1331.46038
-0.8,144,1332.314235
-0.6,144,1333.112706
-0.8,144,1333.742626
-0.2,144,1334.570187
-1.0,144,1335.381108
-0.2,144,1336.054254
-1.0,144,1336.724408
-0.2,144,1337.530518
-0.2,144,1338.329721
-0.6,144,1339.00775
-0.2,144,1339.843675
-0.2,144,1340.640734
-0.2,144,1341.382277
-0.2,144,1342.051824
-0.2,144,1342.869668
-0.2,144,1343.693757
-0.2,144,1344.392979
-0.6,144,1345.214218
-0.2,144,1346.021302
-0.2,144,1346.839058
-0.6,144,1347.495638
-0.2,144,1348.308321
-0.2,144,1349.088562
-0.6,144,1349.735818
-0.2,144,1350.537229
-0.2,144,1351.468585
-0.2,144,1352.398972
-0.2,144,1353.093832
-0.6,144,1353.886908
-0.2,144,1354.686513
-0.4,144,1355.409347
-0.2,144,1356.136369
-0.6,144,1356.917092
-0.6,144,1357.726241
-1.0,144,1358.395564
-0.2,144,1359.24016
-0.2,144,1360.031899
-0.2,144,1360.822947
-1.2,144,1361.532522
-0.2,144,1362.455992
-0.6,144,1363.25613
-0.6,144,1363.869271
-0.6,144,1364.664271
-0.2,144,1365.448877
-0.2,144,1366.208901
-0.4,144,1366.847156
-0.6,144,1367.623019
-0.6,144,1368.398771
-0.6,144,1369.018953
-0.2,144,1369.785347
-0.2,144,1370.572991
-0.2,144,1371.366847
-0.2,144,1372.017924
-0.2,144,1372.903686
-0.6,144,1373.701097
-0.6,144,1374.398353
-0.4,144,1375.059151
-0.2,144,1375.845416
-0.2,144,1376.656377
-0.2,144,1377.352762
-0.4,144,1378.19561
-0.6,144,1379.002045
-0.6,144,1379.719139
-0.6,144,1380.361413
-0.6,144,1381.152461
-0.2,144,1381.946165
-0.4,144,1382.582503
-0.8,144,1383.36425
-0.2,144,1384.140334
-0.6,144,1384.889921
-0.4,144,1385.51427
-0.2,144,1386.295172
-0.2,144,1387.095266
-0.4,144,1387.759977
-0.2,144,1388.576601
-0.6,144,1389.3788
-0.2,144,1390.162443
-0.6,144,1390.802086
-0.4,144,1391.580671
-0.2,144,1392.416545
-1.0,144,1393.138969
-0.2,144,1393.813574
-0.6,144,1394.578543
-0.2,144,1395.353545
-0.2,144,1395.991396
-0.2,144,1396.770282
-0.4,144,1397.557783
-0.2,144,1398.278059
-0.2,144,1398.924498
-0.2,144,1399.700499
-0.4,144,1400.479095
-0.8,144,1401.098733
-0.6,144,1401.891606
-0.2,144,1402.728542
-0.2,144,1403.510901
-0.6,144,1404.139664
-0.6,144,1404.923193
-0.2,144,1405.713469
-0.4,144,1406.336535
-0.2,144,1407.165874
-1.0,144,1407.95723
-0.2,144,1408.788014
-0.2,144,1409.429985
-0.4,144,1410.198235
-0.4,144,1410.973537
-0.4,144,1411.647747
-0.6,144,1412.337896
-0.2,144,1413.17369
-0.6,144,1413.977703
-0.2,144,1414.603361
-0.2,144,1415.36263
-0.2,144,1416.136346
-1.0,144,1416.860562
-0.2,144,1417.532748
-0.2,144,1418.400927
-0.2,144,1419.216119
-0.6,144,1419.838039
-0.2,144,1420.636553
-0.6,144,1421.428032
-0.2,144,1422.220534
-0.4,144,1422.889472
-0.2,144,1423.715219
-0.2,144,1424.495555
-0.2,144,1425.132368
-0.8,144,1425.908007
-0.2,144,1426.68636
-0.6,144,1427.462956
-0.2,144,1428.117247
-0.8,144,1428.9205
-0.4,144,1429.712441
-0.4,144,1430.410741
-0.2,144,1431.10428
-0.2,144,1431.892218
-0.2,144,1432.688024
-0.4,144,1433.415226
-0.2,144,1434.230039
-0.2,144,1435.040447
-0.2,144,1435.787235
-0.2,144,1436.47135
-0.4,144,1437.296438
-0.4,144,1438.082244
-0.4,144,1438.731647
-0.2,144,1439.523317
-0.4,144,1440.292815
-0.2,144,1441.035807
-0.4,144,1441.66748
-0.2,144,1442.437066
-0.2,144,1443.221057
-0.2,144,1443.847516
-0.2,144,1444.662685
-0.2,144,1445.446095
-0.6,144,1446.220819
-0.6,144,1446.868064
-0.2,144,1447.665092
-0.2,144,1448.491789
-0.2,144,1449.216064
-1.0,144,1449.928419
-0.2,144,1450.723189
-0.2,144,1451.511964
-0.6,144,1452.166207
-0.6,144,1452.96767
-0.2,144,1453.803035
-0.2,144,1454.55431
-0.2,144,1455.214406
-0.2,144,1456.022685
-0.2,144,1456.833994
-0.2,144,1457.46306
-0.6,144,1458.23174
-0.4,144,1459.022805
-0.6,144,1459.809166
-0.2,144,1460.483311
-0.2,144,1461.271478
-0.2,144,1462.055195
-0.4,144,1462.71362
-0.2,144,1463.527205
-0.2,144,1464.326213
-0.2,144,1465.121732
-0.8,144,1465.794729
-0.2,144,1466.612026
-0.2,144,1467.434934
-0.2,144,1468.160387
-0.2,144,1468.846678
-0.6,144,1469.649953
-0.2,144,1470.449433
-0.6,144,1471.113528
-0.8,144,1471.881518
-0.8,144,1472.652068
-0.6,144,1473.383476
-0.2,144,1474.08888
-0.6,144,1474.893305
-0.2,144,1475.673388
-0.6,144,1476.340588
-0.4,144,1477.133233
-0.6,144,1477.921838
-0.4,144,1478.717297
-0.6,144,1479.389612
-0.2,144,1480.185526
-0.2,144,1481.006913
-0.2,144,1481.713427
-0.2,144,1482.524261
-0.2,144,1483.31092
-0.2,144,1484.10082
-0.6,144,1484.720353
-0.2,144,1485.498119
-0.4,144,1486.278022
-0.2,144,1486.969447
-0.4,144,1487.65467
-0.2,144,1488.486653
-0.6,144,1489.262818
-0.2,144,1489.912888
-0.2,144,1490.699925
-0.2,144,1491.497669
-0.2,144,1492.228478
-0.2,144,1492.879212
-0.2,144,1493.688048
-0.2,144,1494.481054
-0.6,144,1495.105419
-0.2,144,1495.930945
-0.2,144,1496.723784
-0.2,144,1497.564888
-0.2,144,1498.231377
-0.2,144,1499.01158
-0.2,144,1499.786032
-0.2,144,1500.40522
-0.2,144,1501.182929
-1.0,144,1501.965552
-0.4,144,1502.748075
-0.6,144,1503.379086
-0.4,144,1504.150467
-0.8,144,1504.928352
-0.6,144,1505.583065
-0.2,144,1506.251161
-1.4,144,1507.062711
-0.2,144,1507.868934
-0.2,144,1508.525542
-0.2,144,1509.316261
-0.2,144,1510.107518
-0.2,144,1510.852563
-0.2,144,1511.53244
-0.4,144,1512.345278
-0.6,144,1513.154639
-0.2,144,1513.793594
-0.2,144,1514.578664
-0.2,144,1515.347349
-0.6,144,1516.150766
-0.2,144,1516.793023
-0.6,144,1517.591627
-0.8,144,1518.369539
-0.6,144,1518.989073
-0.2,144,1519.7725
-0.2,144,1520.553177
-0.2,144,1521.31262
-0.2,144,1521.963835
-0.2,144,1522.786928
-0.2,144,1523.588216
-0.2,144,1524.281031
-0.6,144,1525.057054
-0.8,144,1525.854407
-0.2,144,1526.651955
-0.2,144,1527.31666
-0.4,144,1528.142422
-0.2,144,1528.960777
-0.2,144,1529.677627
-0.8,144,1530.321733
-0.2,144,1531.096681
-0.2,144,1531.861128
-0.2,144,1532.491547
-0.2,144,1533.289692
-1.0,144,1534.091422
-0.2,144,1534.839852
-0.2,144,1535.470109
-0.2,144,1536.280519
-0.2,144,1537.076031
-0.2,144,1537.722576
-0.2,144,1538.54431
-0.2,144,1539.349794
-0.6,144,1540.146495
-0.6,144,1540.790502
-0.4,144,1541.567166
-0.2,144,1542.370471
-1.4,144,1543.087429
-0.4,144,1543.783637
-0.2,144,1544.563281
-0.6,144,1545.347926
-0.6,144,1545.97735
-0.6,144,1546.754247
-0.2,144,1547.52971
-1.0,144,1548.274483
-0.2,144,1549.00622
-0.2,144,1549.854186
-0.2,144,1550.643383
-0.2,144,1551.272991
-0.2,144,1552.06544
-0.2,144,1552.869964
-0.2,144,1553.667608
-0.2,144,1554.33953
-0.2,144,1555.155417
-0.6,144,1555.947603
-0.2,144,1556.667079
-0.6,144,1557.497051
-0.2,144,1558.304319
-0.6,144,1559.100716
-0.2,144,1559.751575
-0.2,144,1560.516135
-0.2,144,1561.293234
-0.2,144,1561.971698
-0.6,144,1562.628626
-0.2,144,1563.407254
-1.4,144,1564.188199
-0.6,144,1564.836703
-0.6,144,1565.617919
-0.2,144,1566.405042
-0.2,144,1567.135795
-0.2,144,1567.788542
-0.4,144,1568.621496
-1.0,144,1569.445799
-0.8,144,1570.092483
-0.2,144,1570.887922
-0.6,144,1571.677424
-0.6,144,1572.467401
-0.6,144,1573.104894
-0.2,144,1573.894536
-0.8,144,1574.682771
-0.2,144,1575.332397
-0.2,144,1576.126536
-1.0,144,1576.912182
-0.2,144,1577.815455
-0.2,144,1578.452406
-0.6,144,1579.226456
-0.4,144,1580.073269
-0.2,144,1580.792134
-0.2,144,1581.463312
-0.6,144,1582.223021
-0.2,144,1583.026503
-0.2,144,1583.68565
-0.4,144,1584.47051
-0.6,144,1585.264651
-0.6,144,1586.024523
-0.2,144,1586.69094
-0.6,144,1587.512141
-0.2,144,1588.318223
-0.2,144,1588.959886
-0.2,144,1589.740959
-0.2,144,1590.515427
-0.4,144,1591.271202
-0.2,144,1591.904223
-0.2,144,1592.668042
-0.2,144,1593.449624
-0.6,144,1594.077353
-0.8,144,1594.862663
-0.6,144,1595.668567
-0.2,144,1596.433151
-0.2,144,1597.07791
-1.0,144,1597.854082
-0.2,144,1598.664908
-0.2,144,1599.364192
-0.2,144,1600.058849
-0.2,144,1600.878386
-0.2,144,1601.682157
-0.4,144,1602.340225
-0.2,144,1603.133794
-0.2,144,1603.925714
-1.0,144,1604.64183
-0.2,144,1605.278058
-0.2,144,1606.056471
-0.2,144,1606.870336
-0.2,144,1607.480588
-0.6,144,1608.253747
-0.2,144,1609.031177
-0.2,144,1609.779761
-0.2,144,1610.43322
-0.2,144,1611.236311
-0.4,144,1612.045633
-0.2,144,1612.680967
-0.2,144,1613.494224
-0.2,144,1614.296377
-0.2,144,1615.070883
-0.2,144,1615.724903
-0.2,144,1616.536684
-0.4,144,1617.339552
-0.2,144,1618.041179
-0.2,144,1618.705455
-0.6,144,1619.472041
-0.2,144,1620.243427
-0.2,144,1620.852816
-0.2,144,1621.661844
-0.2,144,1622.445281
-0.6,144,1623.166123
-1.0,144,1623.792701
-0.4,144,1624.561199
-0.2,144,1625.326381
-0.2,144,1625.95848
-0.4,144,1626.761024
-0.2,144,1627.57149
-0.6,144,1628.456447
-0.4,144,1629.081134
-0.2,144,1629.934582
-0.4,144,1630.714301
-0.2,144,1631.354348
-0.6,144,1632.206949
-0.2,144,1633.530781
-0.6,144,1634.307237
-0.2,144,1634.997505
-0.4,144,1635.757624
-0.2,144,1636.537479
-0.2,144,1637.22536
-0.4,144,1637.899971
-0.2,144,1638.679568
-0.8,144,1639.454709
-0.2,144,1640.067233
-1.0,144,1640.827596
-0.2,144,1641.615356
-1.0,144,1642.359432
-0.6,144,1643.007952
-0.2,144,1643.802463
-0.6,144,1644.593422
-1.4,144,1645.225512
-0.2,144,1646.006571
-0.2,144,1646.813012
-0.2,144,1647.601039
-0.6,144,1648.2613
-0.2,144,1649.078358
-0.6,144,1649.84567
-0.2,144,1650.474576
-0.2,144,1651.250444
-0.2,144,1652.032288
-0.4,144,1652.802141
-0.2,144,1653.450335
-0.2,144,1654.240853
-0.4,144,1655.03066
-0.2,144,1655.704263
-0.2,144,1656.363632
-0.2,144,1657.157815
-0.2,144,1657.962343
-0.2,144,1658.644784
-0.2,144,1659.448986
-0.6,144,1660.263128
-0.2,144,1660.977412
-0.6,144,1661.625014
-0.2,144,1662.426698
-0.2,144,1663.252295
-0.8,144,1663.918871
-0.2,144,1664.706251
-1.0,144,1665.477027
-1.0,144,1666.223586
-0.2,144,1666.833424
-0.6,144,1667.611547
-0.6,144,1668.402415
-0.4,144,1669.041985
-0.4,144,1669.814229
-0.6,144,1670.599962
-0.2,144,1671.393312
-1.0,144,1672.030898
-0.2,144,1672.826837
-0.4,144,1673.700564
-0.6,144,1674.434047
-0.2,144,1675.100084
-0.4,144,1675.872267
-0.2,144,1676.776178
-0.2,144,1677.507265
-0.4,144,1678.443521
-0.4,144,1679.321634
-0.4,144,1680.12597
-0.2,144,1680.844204
-0.2,144,1681.713015
-0.4,144,1682.589515
-1.0,144,1683.209656
-0.6,144,1684.102442
-0.2,144,1685.023365
-0.2,144,1685.874282
-0.6,144,1686.705424
-0.8,144,1687.565226
-0.2,144,1688.447596
-0.2,144,1689.095207
-0.2,144,1690.031357
-0.8,144,1690.982353
-0.2,144,1691.765574
-0.2,144,1692.493068
-0.8,144,1693.327525
-0.2,144,1694.266666
-0.4,144,1694.960283
-0.2,144,1696.175704
-1.0,144,1696.959567
-0.2,144,1697.74825
-0.2,144,1698.372107
-0.2,144,1699.162465
-0.2,144,1699.925666
-0.6,144,1700.652399
-0.2,144,1701.291884
-0.2,144,1702.096049
-0.2,144,1702.907769
-0.2,144,1703.565315
-0.6,144,1704.346648
-0.6,144,1705.127831
-0.2,144,1705.920451
-0.2,144,1706.588331
-0.2,144,1707.395344
-0.6,144,1708.221426
-0.2,144,1708.88994
-0.6,144,1709.698067
-0.2,144,1710.719698
-0.2,144,1711.548098
-0.6,144,1712.566448
-0.2,144,1713.498893
-0.2,144,1714.473783
-0.6,144,1715.21956
-0.6,144,1716.427189
-0.6,144,1717.466104
-0.8,144,1718.416808
-0.4,144,1719.407631
-0.2,144,1720.32653
-0.2,144,1721.250765
-0.2,144,1722.036751
-0.8,144,1722.803365
-0.6,144,1723.750834
-0.2,144,1724.608567
-0.4,144,1725.305033
-0.2,144,1726.26474
-0.4,144,1727.224358
-0.2,144,1727.999538
-0.2,144,1728.675487
-0.2,144,1729.579676
-0.2,144,1730.428913
-0.2,144,1731.082186
-0.4,144,1731.953939
-0.6,144,1732.842306
-0.6,144,1733.59705
-0.2,144,1734.29591
-0.2,144,1735.1827
-0.2,144,1736.026721
-0.2,144,1736.705515
-0.2,144,1738.041223
-0.2,144,1739.002262
-0.2,144,1739.804381
-0.4,144,1740.543236
-0.6,144,1741.489536
-0.2,144,1742.331128
-0.2,144,1743.077246
-0.2,144,1744.483644
-0.2,144,1745.460416
-0.2,144,1746.442725
-0.2,144,1747.186728
-0.6,144,1748.150043
-0.2,144,1749.039001
-0.2,144,1749.800697
-0.2,144,1750.595469
-0.6,144,1751.515777
-0.4,144,1752.328164
-0.6,144,1752.955923
-0.4,144,1753.821115
-1.0,144,1754.735393
-0.6,144,1755.630939
-0.2,144,1756.300351
-0.2,144,1757.210171
-0.6,144,1758.102887
-0.2,144,1758.794653
-0.2,144,1759.551539
-0.6,144,1760.471271
-0.2,144,1761.41308
-0.6,144,1762.093693
-0.6,144,1763.022151
-0.2,144,1763.910752
-0.4,144,1764.619133
-0.2,144,1765.803202
-0.6,144,1766.677853
-1.0,144,1767.482427
-0.2,144,1768.120149
-0.4,144,1769.005346
-0.2,144,1769.891174
-0.2,144,1770.760063
-0.2,144,1771.438828
-0.2,144,1772.316037
-0.6,144,1773.205335
-0.2,144,1773.863389
-0.4,144,1774.751446
-0.6,144,1775.643019
-0.2,144,1776.434659
-0.4,144,1777.104572
-0.2,144,1778.002378
-0.4,144,1778.952222
-0.6,144,1779.675054
-0.2,144,1780.923688
-0.2,144,1781.745352
-0.2,144,1782.541368
-0.2,144,1783.228701
-0.6,144,1784.054105
-0.4,144,1784.899616
-0.6,144,1785.699517
-0.8,144,1786.427531
-0.2,144,1787.265249
-0.2,144,1788.082285
-0.2,144,1788.719913
-0.8,144,1789.503065
-0.2,144,1790.311888
-0.6,144,1791.108463
-0.2,144,1791.814062
-0.2,144,1792.575692
-0.6,144,1793.344549
-0.8,144,1793.950987
-0.2,144,1794.747342
-1.0,144,1795.540314
-0.2,144,1796.323531
-1.0,144,1796.960078
-0.8,144,1797.744342
-0.6,144,1798.513581
-0.6,144,1799.178034
-0.2,144,1799.835729
-0.2,144,1800.628236
-0.2,144,1801.406645
-0.2,144,1802.007488
-0.2,144,1802.823056
-0.2,144,1803.752809
-0.6,144,1804.492911
-0.2,144,1805.164338
-0.2,144,1805.988683
-0.2,144,1806.769434
-0.4,144,1807.392874
-0.2,144,1808.211426
-0.2,144,1809.013044
-0.6,144,1809.81526
-0.6,144,1810.473147
-0.2,144,1811.289766
-0.2,144,1812.079456
-0.2,144,1812.731308
-0.6,144,1813.492145
-1.0,144,1814.265568
-0.2,144,1815.035259
-0.6,144,1815.693725
-0.2,144,1816.511674
-0.4,144,1817.320906
-0.6,144,1817.987752
-0.2,144,1818.681594
-0.2,144,1819.485714
-0.2,144,1820.295587
-0.2,144,1820.968671
-0.2,144,1821.791574
-0.6,144,1822.578724
-0.4,144,1823.335169
-1.0,144,1824.001316
-0.2,144,1824.813524
-0.6,144,1825.621929
-0.6,144,1826.296522
-0.6,144,1827.084559
-0.2,144,1827.851405
-0.2,144,1828.608078
-0.6,144,1829.249238
-0.6,144,1830.024009
-0.2,144,1830.791665
-0.2,144,1831.422034
-0.6,144,1832.235747
-0.2,144,1833.029442
-0.6,144,1833.789024
-0.2,144,1834.460516
-0.2,144,1835.267215
-0.2,144,1836.082008
-0.6,144,1836.795542
-0.4,144,1837.507738
-0.2,144,1838.307548
-0.6,144,1839.118183
-0.2,144,1839.785311
-0.6,144,1840.587676
-0.2,144,1841.387222
-0.2,144,1842.128822
-0.2,144,1842.793711
-0.2,144,1843.57039
-0.2,144,1844.420581
-0.8,144,1845.019625
-0.2,144,1845.784091
-0.8,144,1846.556669
-0.2,144,1847.314248
-0.2,144,1847.938313
-0.6,144,1848.704696
-1.0,144,1849.482349
-0.2,144,1850.128639
-0.2,144,1850.932386
-0.2,144,1851.720811
-0.6,144,1852.518587
-0.2,144,1853.169756
-0.2,144,1853.950571
-0.2,144,1854.756887
-0.2,144,1855.448183
-0.6,144,1856.104619
-0.2,144,1856.870343
-0.2,144,1857.648216
-0.4,144,1858.29481
-0.6,144,1859.079485
-0.2,144,1859.850208
-0.2,144,1860.54962
-0.2,144,1861.18927
-0.8,144,1861.957505
-0.2,144,1862.733305
-0.2,144,1863.392278
-0.2,144,1864.197735
-0.2,144,1864.980176
-0.2,144,1865.751248
-0.6,144,1866.395618
-0.4,144,1867.18223
-0.2,144,1867.992909
-0.8,144,1868.67088
-0.6,144,1869.479786
-0.2,144,1870.261622
-0.4,144,1871.053311
-0.2,144,1871.702987
-0.6,144,1872.48171
-0.2,144,1873.275323
-0.2,144,1873.961098
-0.2,144,1874.602614
-0.6,144,1875.36962
-0.2,144,1876.153656
-0.6,144,1876.776412
-0.6,144,1877.543395
-0.2,144,1878.319102
-0.2,144,1879.047805
-0.4,144,1879.701223
-0.4,144,1880.514077
-0.6,144,1881.302028
-0.2,144,1881.930929
-0.2,144,1882.737752
-1.2,144,1883.54261
-0.4,144,1884.337351
-0.2,144,1884.989028
-0.6,144,1885.771403
-0.2,144,1886.610675
-0.2,144,1887.227808
-1.0,144,1888.099459
-0.6,144,1888.904483
-0.2,144,1889.782528
-0.2,144,1890.424578
-0.4,144,1891.227959
-0.6,144,1892.012898
-0.2,144,1892.685818
-0.6,144,1893.449092
-0.8,144,1894.266148
-0.2,144,1895.139083
-1.8,144,1895.794386
-0.2,144,1896.61363
-1.0,144,1897.392576
-0.8,144,1898.107075
-0.2,144,1898.785778
-0.4,144,1899.626048
-0.2,144,1900.538288
-0.2,144,1901.194733
-0.8,144,1901.969449
-1.0,144,1902.740367
-0.4,144,1903.510669
-0.2,144,1904.163397
-0.6,144,1904.947585
-0.2,144,1905.731864
-0.2,144,1906.362607
-0.2,144,1907.14435
-1.4,144,1907.897296
-0.8,144,1908.686231
-0.2,144,1909.339122
-0.4,144,1910.199838
-0.4,144,1911.024371
-0.6,144,1911.718248
-0.4,144,1912.381238
-0.6,144,1913.182224
-0.2,144,1913.967321
-0.4,144,1914.645148
-0.2,144,1915.455431
-0.2,144,1916.267756
-0.2,144,1916.982553
-0.2,144,1917.627497
-0.2,144,1918.396332
-0.4,144,1919.167813
-0.6,144,1919.874337
-0.6,144,1920.681044
-1.2,144,1921.456046
-1.0,144,1922.212095
-0.2,144,1922.840441
-0.2,144,1923.632452
-0.4,144,1924.423164
-0.6,144,1925.070679
-0.6,144,1925.906701
-0.2,144,1926.708504
-0.2,144,1927.481965
-0.2,144,1928.148194
-1.0,144,1928.940066
-0.2,144,1929.842489
-0.6,144,1930.61133
-0.2,144,1931.307857
-0.8,144,1932.096131
-0.2,144,1932.885172
-1.0,144,1933.52732
-0.2,144,1934.297581
-0.2,144,1935.075089
-0.2,144,1935.805863
-0.6,144,1936.481783
-0.2,144,1937.275987
-0.2,144,1938.061538
-0.4,144,1938.705975
-0.2,144,1939.495013
-0.2,144,1940.293797
-0.2,144,1941.101218
-0.2,144,1941.784399
-0.4,144,1942.57717
-0.2,144,1943.371235
-0.4,144,1944.01403
-0.2,144,1944.826552
-0.2,144,1945.62783
-0.2,144,1946.440526
-0.2,144,1947.077428
-0.2,144,1947.858221
-0.2,144,1948.6396
-0.2,144,1949.328081
-0.2,144,1950.003584
-0.4,144,1950.798264
-0.2,144,1951.596096
-0.6,144,1952.32274
-0.2,144,1953.092505
-0.6,144,1953.870858
-0.2,144,1954.603789
-0.6,144,1955.271612
-0.4,144,1956.060571
-0.2,144,1956.861192
-0.2,144,1957.527418
-0.2,144,1958.337328
-0.2,144,1959.171233
-0.2,144,1959.981515
-0.2,144,1960.651482
-1.0,144,1961.447484
-0.2,144,1962.247911
-0.8,144,1962.885887
-0.6,144,1963.662741
-0.2,144,1964.448223
-0.2,144,1965.214231
-0.4,144,1965.823534
-0.2,144,1966.619372
-0.2,144,1967.428491
-0.2,144,1968.135126
-0.6,144,1968.795473
-0.2,144,1969.580522
-0.2,144,1970.384463
-0.6,144,1971.045336
-0.2,144,1971.919859
-0.2,144,1972.751189
-0.6,144,1973.494026
-0.2,144,1974.151657
-0.8,144,1974.954476
-0.2,144,1975.767179
-0.6,144,1976.392844
-0.2,144,1977.170645
-0.2,144,1977.98762
-0.2,144,1978.781624
-0.6,144,1979.395915
-0.2,144,1980.170472
-0.4,144,1980.943438
-0.6,144,1981.570858
-0.8,144,1982.351201
-0.4,144,1983.144845
-0.2,144,1983.961239
-0.2,144,1984.606544
-0.6,144,1985.418433
-0.2,144,1986.223838
-0.6,144,1986.909149
-0.4,144,1987.593991
-0.6,144,1988.418262
-0.2,144,1989.229354
-0.6,144,1989.886335
-0.2,144,1990.695816
-0.2,144,1991.568941
-0.2,144,1992.288415
-0.2,144,1992.944083
-0.2,144,1993.755363
-0.2,144,1994.533526
-0.6,144,1995.149881
-0.2,144,1995.928195
-0.2,144,1996.716023
-0.2,144,1997.489678
-0.2,144,1998.12626
-0.2,144,1998.935004
-0.2,144,1999.724682
-0.2,144,2000.381493
-0.6,144,2001.204016
-0.2,144,2002.01671
-0.6,144,2002.779318
-0.6,144,2003.4304
-0.2,144,2004.24752
-0.6,144,2005.103637
-0.6,144,2005.805041
-0.2,144,2006.472301
-0.2,144,2007.249886
-0.2,144,2008.018941
-0.2,144,2008.653541
-0.8,144,2009.452945
-0.6,144,2010.245018
-0.2,144,2010.966276
-0.2,144,2011.601906
-0.2,144,2012.378876
-0.2,144,2013.201933
-0.4,144,2013.84107
-0.4,144,2014.664134
-0.6,144,2015.467517
-0.2,144,2016.261735
-0.6,144,2016.895225
-0.6,144,2017.686144
-0.4,144,2018.480845
-0.2,144,2019.1513
-1.0,144,2019.979881
-0.2,144,2020.774007
-0.2,144,2021.574738
-0.4,144,2022.196517
-0.6,144,2022.969642
-0.2,144,2023.754006
-0.2,144,2024.429436
-0.6,144,2025.103158
-0.2,144,2025.921288
-0.4,144,2026.697857
-0.2,144,2027.321421
-0.6,144,2028.120344
-0.2,144,2028.894511
-0.8,144,2029.63947
-0.2,144,2030.336914
-0.2,144,2031.190008
-0.2,144,2032.002572
-0.2,144,2032.645485
-0.6,144,2033.469107
-0.2,144,2034.276581
-0.2,144,2035.086152
-0.6,144,2035.764076
-0.6,144,2036.698768
-0.2,144,2037.478116
-0.8,144,2038.127055
-0.2,144,2039.012128
-0.6,144,2039.794894
-0.4,144,2040.571958
-0.2,144,2041.214842
-0.2,144,2042.020466
-0.2,144,2042.803483
-0.2,144,2043.505697
-0.2,144,2044.166856
-0.6,144,2044.963432
-0.2,144,2045.780132
-0.2,144,2046.455891
-0.2,144,2047.286664
-0.6,144,2048.088349
-0.2,144,2048.959964
-0.8,144,2049.609736
-0.8,144,2050.434966
-1.0,144,2051.250857
-0.6,144,2051.905991
-0.2,144,2052.690864
-0.6,144,2053.465969
-0.6,144,2054.240149
-0.2,144,2054.869244
-0.4,144,2055.71109
-0.2,144,2056.544868
-1.0,144,2057.178612
-0.2,144,2057.967702
-0.2,144,2058.752378
-0.2,144,2059.520997
-1.0,144,2060.168131
-0.2,144,2060.973845
-0.2,144,2061.820078
-0.6,144,2062.579749
-0.6,144,2063.265982
-0.2,144,2064.078974
-0.2,144,2064.903472
-0.4,144,2065.61327
-0.2,144,2066.448813
-0.2,144,2067.258734
-0.2,144,2068.024658
-0.6,144,2068.666323
-0.2,144,2069.460593
-0.2,144,2070.249737
-0.2,144,2070.870642
-0.4,144,2071.661913
-0.6,144,2072.501737
-0.2,144,2073.274673
-0.4,144,2073.911692
-0.2,144,2074.728402
-0.2,144,2075.546114
-0.2,144,2076.202783
-0.2,144,2077.005652
-1.0,144,2077.807076
-0.6,144,2078.637221
-0.2,144,2079.285359
-0.6,144,2080.119321
-0.2,144,2080.940149
-0.2,144,2081.663048
-0.2,144,2082.333504
-0.6,144,2083.136975
-0.2,144,2083.945249
-0.2,144,2084.571838
-0.8,144,2085.328589
-0.2,144,2086.107914
-0.2,144,2086.815814
-0.2,144,2087.461586
-0.2,144,2088.243186
-0.2,144,2089.042146
-0.8,144,2089.665313
-0.2,144,2090.457232
-0.2,144,2091.259152
-0.2,144,2092.056565
-0.2,144,2092.703432
-0.2,144,2093.585044
-0.8,144,2094.378067
-0.2,144,2095.037583
-0.2,144,2095.844335
-0.6,144,2096.654795
-0.2,144,2097.443889
-0.2,144,2098.110425
-0.6,144,2098.89517
-0.4,144,2099.663564
-0.2,144,2100.33509
-0.4,144,2101.004397
-0.4,144,2101.768444
-0.2,144,2102.551293
-0.6,144,2103.229037
-0.4,144,2104.029758
-0.2,144,2104.814781
-0.2,144,2105.54696
-0.6,144,2106.219573
-0.2,144,2107.045146
-0.8,144,2107.830203
-0.2,144,2108.452894
-0.2,144,2109.28084
-1.0,144,2110.11982
-0.4,144,2110.922128
-0.6,144,2111.579162
-0.2,144,2112.366745
-1.4,144,2113.145188
-0.8,144,2113.773574
-0.6,144,2114.586537
-0.4,144,2115.369176
-0.6,144,2116.139896
-0.2,144,2116.77475
-0.2,144,2117.563431
-0.2,144,2118.347258
-0.2,144,2119.047436
-0.2,144,2119.744821
-0.6,144,2120.545462
-0.2,144,2121.343575
-0.6,144,2121.982625
-0.2,144,2122.774887
-0.2,144,2123.570221
-0.2,144,2124.337465
-0.6,144,2124.994312
-0.2,144,2125.815214
-0.2,144,2126.617929
-0.6,144,2127.253668
-0.2,144,2128.045455
-0.8,144,2128.826105
-0.6,144,2129.598334
-0.2,144,2130.258746
-0.2,144,2131.061591
-0.2,144,2131.840954
-0.6,144,2132.464043
-0.2,144,2133.273563
-0.2,144,2134.059928
-0.2,144,2134.83925
-0.2,144,2135.562751
-0.6,144,2136.365625
-0.8,144,2137.165976
-1.0,144,2137.870838
-0.2,144,2138.529643
-0.4,144,2139.303198
-0.6,144,2140.119529
-0.6,144,2140.815603
-0.2,144,2141.625179
-0.2,144,2142.42833
-0.2,144,2143.155273
-0.2,144,2143.803201
-0.6,144,2144.602861
-0.2,144,2145.408047
-0.2,144,2146.045193
-0.6,144,2146.809823
-0.2,144,2147.600626
-0.6,144,2148.368561
-0.2,144,2149.011944
-0.4,144,2149.794165
-0.6,144,2150.644349
-0.2,144,2151.302663
-0.2,144,2152.120462
-0.4,144,2152.919035
-0.4,144,2153.715927
-0.2,144,2154.363749
-0.2,144,2155.180018
-0.4,144,2155.98663
-0.8,144,2156.732395
-0.2,144,2157.419623
-0.6,144,2158.266567
-0.2,144,2159.036959
-0.2,144,2159.676159
-0.2,144,2160.461157
-0.2,144,2161.239688
-0.4,144,2161.987267
-0.4,144,2162.623034
-0.6,144,2163.410847
-0.6,144,2164.184603
-0.2,144,2164.83546
-0.2,144,2165.658549
-0.6,144,2166.469981
-0.2,144,2167.264755
-0.2,144,2167.922616
-0.6,144,2168.721987
-0.6,144,2169.507289
-1.0,144,2170.169016
-0.2,144,2170.976013
-0.2,144,2171.782422
-0.2,144,2172.603381
-0.6,144,2173.270403
-0.2,144,2174.07169
-0.2,144,2174.873551
-0.2,144,2175.549091
-0.2,144,2176.225072
-0.2,144,2177.031069
-0.2,144,2177.836605
-0.2,144,2178.490623
-0.2,144,2179.277287
-0.2,144,2180.056828
-0.2,144,2180.815115
-0.4,144,2181.55114
-0.2,144,2182.3862
-0.2,144,2183.213471
-0.2,144,2183.857039
-0.6,144,2184.654497
-0.6,144,2185.454669
-0.2,144,2186.286081
-0.2,144,2186.972587
-0.2,144,2187.838794
-0.2,144,2188.619438
-0.2,144,2189.262072
-0.2,144,2190.049865
-0.2,144,2190.824144
-0.2,144,2191.59776
-0.2,144,2192.268923
-0.2,144,2193.077504
-0.2,144,2193.869156
-0.2,144,2194.546679
-0.2,144,2195.206261
-0.6,144,2195.999697
-0.2,144,2196.817713
-0.6,144,2197.487861
-0.2,144,2198.332152
-0.6,144,2199.157348
-0.2,144,2199.904013
-0.2,144,2200.562812
-0.2,144,2201.386187
-0.2,144,2202.194723
-0.4,144,2202.835042
-0.2,144,2203.625018
-0.6,144,2204.402119
-0.2,144,2205.138545
-0.2,144,2205.756329
-0.4,144,2206.519388
-0.6,144,2207.283123
-0.6,144,2207.9011
-0.2,144,2208.71259
-0.2,144,2209.485256
-0.4,144,2210.316608
-0.6,144,2210.941067
-0.2,144,2211.74109
-0.2,144,2212.5583
-0.2,144,2213.267459
-0.6,144,2213.951072
-0.6,144,2214.737244
-0.2,144,2215.530952
-0.6,144,2216.192214
-0.8,144,2216.9536
-0.2,144,2217.743863
-0.6,144,2218.451853
-0.2,144,2219.10366
-0.4,144,2219.900239
-0.6,144,2220.656227
-1.2,144,2221.278365
-0.2,144,2222.048413
-0.2,144,2222.814402
-0.2,144,2223.575163
-0.6,144,2224.219945
-0.6,144,2225.006495
-0.2,144,2225.8008
-0.2,144,2226.438607
-1.0,144,2227.239561
-0.2,144,2228.052322
-1.4,144,2228.818561
-0.2,144,2229.653732
-0.8,144,2230.44945
-0.2,144,2231.26301
-0.6,144,2231.954414
-0.2,144,2232.634376
-0.2,144,2233.416816
-0.6,144,2234.208395
-0.6,144,2234.857867
-0.2,144,2235.630456
-0.2,144,2236.401881
-0.6,144,2237.140721
-0.6,144,2237.780216
-0.2,144,2238.558636
-0.2,144,2239.337758
-0.6,144,2239.968482
-0.8,144,2240.731423
-1.0,144,2241.510104
-1.0,144,2242.298166
-0.2,144,2242.938366
-0.2,144,2243.729188
-1.0,144,2244.534522
-0.6,144,2245.175111
-0.4,144,2245.975159
-0.2,144,2246.763811
-0.6,144,2247.635825
-0.8,144,2248.251135
-0.2,144,2249.025295
-0.6,144,2249.798895
-0.2,144,2250.500493
-0.2,144,2251.160503
-0.2,144,2251.946848
-0.2,144,2252.717472
-0.6,144,2253.353568
-0.8,144,2254.123781
-0.2,144,2254.898981
-0.2,144,2255.667389
-0.2,144,2256.32201
-0.2,144,2257.128332
-0.4,144,2257.913711
-0.2,144,2258.540977
-0.2,144,2259.340305
-0.2,144,2260.160923
-0.2,144,2260.981444
-1.0,144,2261.622794
-0.6,144,2262.395843
-0.6,144,2263.164161
-0.2,144,2263.781539
-0.2,144,2264.55436
-0.2,144,2265.335737
-0.2,144,2266.107087
-0.2,144,2266.739491
-0.2,144,2267.501182
-0.2,144,2268.26791
-0.2,144,2268.947505
-0.6,144,2269.624331
-0.2,144,2270.441463
-0.2,144,2271.25189
-0.2,144,2271.902262
-0.2,144,2272.716744
-0.6,144,2273.516172
-0.2,144,2274.251853
-0.8,144,2274.893198
-0.2,144,2275.729336
-0.2,144,2276.52826
-1.0,144,2277.151004
-0.4,144,2277.918087
-0.6,144,2278.695835
-0.2,144,2279.43488
-0.2,144,2280.079969
-0.2,144,2280.869288
-0.4,144,2281.650773
-0.2,144,2282.28025
-0.2,144,2283.058524
-0.2,144,2283.832645
-0.2,144,2284.605063
-0.8,144,2285.252757
-0.2,144,2286.055845
-0.4,144,2286.852099
-0.2,144,2287.560349
-0.2,144,2288.229694
-0.2,144,2289.027343
-0.2,144,2289.812916
-0.2,144,2290.478178
-0.8,144,2291.270909
-1.0,144,2292.080718
-0.2,144,2292.78173
-0.2,144,2293.432017
-0.4,144,2294.210629
-0.2,144,2294.992286
-0.8,144,2295.626287
-0.2,144,2296.415037
-0.2,144,2297.232934
-0.2,144,2297.970535
-0.4,144,2298.605897
-0.2,144,2299.383974
-0.6,144,2300.157246
-0.2,144,2300.806234
-0.2,144,2301.636461
-0.6,144,2302.418571
-0.2,144,2303.200759
-0.6,144,2303.840443
-0.4,144,2304.617369
-0.6,144,2305.412091
-0.2,144,2306.148445
-0.2,144,2306.864273
-0.2,144,2307.631739
-0.2,144,2308.411572
-0.6,144,2309.045566
-0.6,144,2309.806749
-0.2,144,2310.587512
-0.6,144,2311.340171
-0.2,144,2312.004802
-0.6,144,2312.76746
-0.2,144,2313.539207
-0.4,144,2314.171519
-0.2,144,2314.95299
-0.2,144,2315.76577
-0.2,144,2316.585051
-0.6,144,2317.226115
-0.2,144,2318.005769
-0.2,144,2318.818696
-0.2,144,2319.460633
-0.2,144,2320.271886
-0.2,144,2321.089743
-0.4,144,2321.884527
-0.2,144,2322.597448
-0.2,144,2323.409431
-0.6,144,2324.243891
-0.2,144,2324.969754
-0.2,144,2325.615826
-0.2,144,2326.400069
-0.4,144,2327.195923
-0.6,144,2327.839677
-0.8,144,2328.610766
-0.4,144,2329.377908
-0.8,144,2330.099249
-0.2,144,2330.749931
-0.2,144,2331.56544
-0.2,144,2332.376828
-0.2,144,2333.020886
-0.6,144,2333.821042
-0.2,144,2334.614026
-0.2,144,2335.409023
-0.6,144,2336.047902
-0.2,144,2336.84469
-0.2,144,2337.643748
-0.2,144,2338.258285
-0.2,144,2339.035792
-0.2,144,2339.805267
-0.8,144,2340.569915
-0.2,144,2341.190733
-0.4,144,2341.964675
-0.2,144,2342.753239
-0.2,144,2343.476795
-0.2,144,2344.132493
-0.2,144,2344.923573
-0.4,144,2345.726978
-0.2,144,2346.38687
-0.2,144,2347.268499
-0.2,144,2348.074755
-0.2,144,2348.85078
-0.2,144,2349.511504
-0.2,144,2350.332211
-0.2,144,2351.130612
-0.6,144,2351.756052
-0.2,144,2352.533197
-0.2,144,2353.324118
-0.2,144,2354.100998
-0.6,144,2354.712448
-0.6,144,2355.477309
-0.2,144,2356.247814
-0.2,144,2356.858086
-1.0,144,2357.668228
-0.2,144,2358.471433
-0.2,144,2359.264351
-0.6,144,2359.892788
-0.2,144,2360.695419
-0.4,144,2361.505284
-0.2,144,2362.190476
-0.2,144,2362.866156
-0.2,144,2363.711024
-0.2,144,2364.498689
-0.6,144,2365.157831
-0.2,144,2365.949531
-0.2,144,2366.757255
-0.4,144,2367.473003
-0.2,144,2368.127814
-0.2,144,2368.93064
-0.6,144,2369.723459
-0.2,144,2370.335321
-0.2,144,2371.113903
-0.2,144,2371.895091
-0.2,144,2373.184419
-0.2,144,2373.80955
-0.4,144,2374.634821
-0.2,144,2375.422323
-0.8,144,2376.066346
-0.2,144,2376.873262
-0.6,144,2377.666755
-0.4,144,2378.457183
-0.6,144,2379.117906
-0.4,144,2379.912532
-0.4,144,2380.712094
-0.2,144,2381.418325
-0.2,144,2382.08508
-0.2,144,2382.87746
-0.2,144,2383.649099
-0.6,144,2384.282311
-0.2,144,2385.076972
-0.2,144,2385.886661
-0.2,144,2386.613909
-0.2,144,2387.24809
-0.2,144,2388.249753
-0.6,144,2389.10502
-0.2,144,2389.762134
-0.6,144,2390.579329
-0.6,144,2391.388419
-0.2,144,2392.185195
-0.2,144,2392.825253
-0.4,144,2393.595755
-0.2,144,2394.392644
-0.2,144,2395.054043
-1.2,144,2395.867645
-0.4,144,2396.673619
-0.2,144,2397.460068
-0.6,144,2398.129467
-0.2,144,2398.899947
-0.4,144,2399.67628
-1.0,144,2400.481771
-0.2,144,2401.406762
-0.2,144,2402.202417
-0.2,144,2403.121037
-0.6,144,2403.749195
-0.6,144,2404.69154
-0.2,144,2405.589654
-1.0,144,2406.357663
-0.2,144,2407.206649
-0.2,144,2408.151991
-0.2,144,2409.028074
-0.2,144,2409.682816
-0.2,144,2410.617163
-0.2,144,2411.527037
-0.2,144,2412.427936
-0.2,144,2413.168037
-0.2,144,2414.050498
-0.8,144,2414.918577
-0.4,144,2415.548467
-0.4,144,2416.427679
-0.6,144,2417.299177
-0.6,144,2418.246332
-0.2,144,2418.91444
-0.6,144,2419.703699
-0.2,144,2420.566325
-0.2,144,2421.265628
-0.2,144,2421.930096
-0.2,144,2422.77646
-0.2,144,2423.608509
-0.6,144,2424.267818
-0.2,144,2425.066336
-0.6,144,2425.8606
-0.6,144,2426.597248
-0.2,144,2427.259338
-0.2,144,2428.095109
-0.2,144,2428.922426
-0.6,144,2429.598749
-0.2,144,2430.379868
-0.2,144,2431.161474
-0.2,144,2431.91841
-0.2,144,2432.548469
-0.8,144,2433.32573
-0.2,144,2434.127925
-0.2,144,2434.781935
-0.2,144,2435.560816
-0.2,144,2436.339453
-0.2,144,2437.114773
-0.6,144,2437.743434
-0.2,144,2438.551281
-0.2,144,2439.389388
-0.2,144,2440.123748
-0.2,144,2440.79539
-0.2,144,2441.612405
-0.6,144,2442.403883
-0.6,144,2443.063574
-1.0,144,2443.836456
-0.6,144,2444.627877
-0.2,144,2445.341345
-0.2,144,2445.98034
-0.8,144,2446.762106
-0.2,144,2447.609312
-0.2,144,2448.231104
-0.4,144,2449.101255
-0.2,144,2449.95981
-0.2,144,2450.746601
-0.2,144,2451.366243
-0.2,144,2452.139038
-0.4,144,2452.914493
-0.2,144,2453.565217
-0.8,144,2454.345412
-0.2,144,2455.149686
-0.2,144,2455.947381
-0.6,144,2456.567896
-0.6,144,2457.343368
-0.2,144,2458.149846
-0.2,144,2458.860523
-0.2,144,2459.542597
-0.8,144,2460.326185
-0.2,144,2461.111193
-0.4,144,2461.734114
-0.2,144,2462.503654
-0.6,144,2463.274316
-0.2,144,2463.974899
-0.2,144,2464.619965
-0.6,144,2465.426114
-0.6,144,2466.21101
-0.2,144,2466.834422
-0.6,144,2467.62424
-1.2,144,2468.435108
-0.2,144,2469.25602
-0.2,144,2469.901322
-0.2,144,2470.716763
-0.4,144,2471.51235
-0.2,144,2472.230438
-0.2,144,2473.036939
-0.2,144,2473.87675
-0.2,144,2474.663264
-0.2,144,2475.28607
-0.6,144,2476.082014
-0.4,144,2476.898386
-0.2,144,2477.565868
-0.2,144,2478.219869
-1.0,144,2478.983477
-0.4,144,2479.745626
-0.2,144,2480.372541
-0.2,144,2481.1714
-0.2,144,2481.968688
-0.2,144,2482.707043
-0.6,144,2483.376072
-0.2,144,2484.186239
-0.2,144,2484.994264
-0.6,144,2485.622648
-0.6,144,2486.428988
-0.4,144,2487.221637
-0.2,144,2488.123255
-0.2,144,2488.770281
-0.6,144,2489.563656
-0.2,144,2490.34352
-0.2,144,2490.982199
-0.2,144,2491.77087
-0.6,144,2492.543031
-1.8,144,2493.296433
-0.6,144,2493.919891
-0.2,144,2494.680918
-0.2,144,2495.63446
-0.4,144,2496.329433
-0.2,144,2497.002111
-0.4,144,2497.863959
-0.2,144,2498.782861
-0.2,144,2499.471181
-0.2,144,2500.39927
-0.2,144,2501.199682
-1.0,144,2501.910428
-0.2,144,2502.655742
-0.4,144,2503.538258
-0.8,144,2504.402053
-0.2,144,2505.064487
-0.2,144,2505.854627
-0.6,144,2506.63998
-0.8,144,2507.424064
-0.2,144,2508.064102
-0.6,144,2508.841534
-0.2,144,2509.635657
-0.4,144,2510.342238
-0.2,144,2511.127337
-1.0,144,2511.919673
-0.2,144,2512.711887
-0.2,144,2513.375342
-0.2,144,2514.191495
-0.4,144,2515.006785
-0.2,144,2515.713095
-0.2,144,2516.379771
-0.2,144,2517.181322
-0.2,144,2518.005323
-0.6,144,2518.706528
-0.2,144,2519.519697
-0.4,144,2520.317517
-1.0,144,2521.01893
-0.6,144,2521.663293
-0.6,144,2522.474801
-0.2,144,2523.267439
-0.2,144,2523.90974
-0.6,144,2524.716865
-0.2,144,2525.502702
-0.2,144,2526.260677
-0.2,144,2526.889876
-0.2,144,2527.690475
-0.8,144,2528.508761
-0.6,144,2529.169359
-0.2,144,2530.10964
-0.2,144,2530.901865
-0.2,144,2531.689109
-0.2,144,2532.360583
-0.2,144,2533.177454
-0.6,144,2534.014072
-0.2,144,2534.777747
-0.6,144,2535.459793
-0.2,144,2536.236936
-0.2,144,2537.032981
-0.2,144,2537.669092
-0.2,144,2538.458995
-0.2,144,2539.248656
-0.4,144,2540.002449
-0.6,144,2540.654932
-0.2,144,2541.437527
-0.4,144,2542.215909
-0.2,144,2542.839434
-0.2,144,2543.660853
-0.6,144,2544.491211
-0.4,144,2545.306673
-0.2,144,2545.983636
-0.2,144,2546.762186
-0.2,144,2547.636287
-0.2,144,2548.303813
-0.2,144,2549.158215
-0.2,144,2549.997208
-0.2,144,2550.838681
-0.6,144,2551.469879
-0.2,144,2552.254207
-0.4,144,2553.04364
-0.4,144,2553.730836
-0.6,144,2554.395495
-0.2,144,2555.210738
-0.6,144,2556.022548
-0.2,144,2556.653054
-0.4,144,2557.442145
-0.2,144,2558.214014
-0.2,144,2558.973327
-0.2,144,2559.652627
-0.2,144,2560.49574
-0.8,144,2561.304333
-0.2,144,2561.944957
-0.4,144,2562.76292
-0.2,144,2563.564627
-0.6,144,2564.371653
-0.2,144,2565.032384
-0.2,144,2565.846687
-0.2,144,2566.620678
-0.2,144,2567.24306
-0.2,144,2568.041996
-0.2,144,2568.84228
-0.2,144,2569.604735
-0.2,144,2570.240006
-0.4,144,2571.037372
-0.6,144,2571.798391
-0.2,144,2572.48977
-0.2,144,2573.15492
-0.2,144,2573.936216
-0.6,144,2574.712303
-0.6,144,2575.37255
-1.0,144,2576.174999
-0.4,144,2576.983297
-0.2,144,2577.725174
-0.2,144,2578.394937
-0.2,144,2579.20442
-0.2,144,2579.994572
-0.6,144,2580.64746
-0.6,144,2581.435105
-0.2,144,2582.226145
-0.6,144,2582.967192
-0.2,144,2583.594719
-0.6,144,2584.367093
-0.2,144,2585.150647
-0.4,144,2585.775912
-0.4,144,2586.590091
-0.2,144,2587.661261
-0.2,144,2588.416469
-0.2,144,2589.07528
-0.2,144,2590.378711
-0.4,144,2591.255128
-0.4,144,2591.944371
-0.2,144,2593.144945
-0.2,144,2593.965686
-0.2,144,2594.785734
-0.6,144,2595.461586
-0.6,144,2596.346323
-0.2,144,2597.190914
-0.2,144,2597.899818
-0.6,144,2598.651622
-0.2,144,2599.478994
-0.2,144,2600.27739
-0.4,144,2600.898571
-0.8,144,2601.747413
-0.2,144,2602.582921
-0.2,144,2603.364184
-0.2,144,2604.104482
-0.6,144,2604.90165
-0.6,144,2605.70637
-0.2,144,2606.346364
-0.2,144,2607.161953
-0.4,144,2608.00494
-0.2,144,2608.797008
-0.2,144,2609.466379
-0.2,144,2610.268683
-0.2,144,2611.080657
-0.2,144,2611.777424
-0.6,144,2612.442227
-0.2,144,2613.227169
-0.6,144,2614.004865
-0.2,144,2614.651431
-0.6,144,2615.431608
-0.2,144,2616.204849
-0.2,144,2616.902242
-0.2,144,2617.550178
-0.6,144,2618.321407
-0.6,144,2619.101333
-1.2,144,2619.739768
-0.4,144,2620.513548
-0.4,144,2621.293978
-0.2,144,2622.08041
-0.2,144,2622.728043
-0.6,144,2623.524074
-0.4,144,2624.328137
-0.2,144,2624.990571
-0.2,144,2625.813489
-0.4,144,2626.596658
-0.2,144,2627.386063
-0.2,144,2628.008471
-0.2,144,2628.817573
-0.6,144,2629.626126
-0.2,144,2630.289251
-0.2,144,2630.93316
-0.4,144,2631.722379
-0.8,144,2632.504983
-0.2,144,2633.132257
-0.8,144,2633.897493
-0.2,144,2634.695788
-0.6,144,2635.424111
-0.2,144,2636.108727
-0.6,144,2636.907383
-1.0,144,2637.686891
-0.2,144,2638.338352
-0.2,144,2639.168345
-0.6,144,2639.959227
-0.2,144,2640.787704
-0.2,144,2641.430267
-1.0,144,2642.216068
-0.2,144,2642.98521
-0.2,144,2643.606705
-0.2,144,2644.387031
-0.2,144,2645.189893
-0.2,144,2645.971241
-0.2,144,2646.607873
-1.4,144,2647.388874
-1.0,144,2648.168899
-0.2,144,2648.84324
-0.6,144,2649.524581
-0.2,144,2650.360332
-0.2,144,2651.168791
-0.2,144,2651.822804
-0.6,144,2652.613255
-0.2,144,2653.401944
-0.6,144,2654.132026
-0.6,144,2654.80164
-0.4,144,2655.623142
-0.6,144,2656.435177
-0.2,144,2657.073807
-0.2,144,2657.84777
-0.2,144,2658.631912
-0.2,144,2659.38228
-0.2,144,2660.039681
-0.2,144,2660.840489
-0.2,144,2661.60845
-0.6,144,2662.235648
-0.6,144,2663.016203
-0.2,144,2663.798476
-0.2,144,2664.571406
-0.8,144,2665.241913
-0.2,144,2666.055691
-0.6,144,2666.867636
-0.6,144,2667.566986
-0.4,144,2668.240726
-0.2,144,2669.041106
-0.2,144,2669.840016
-0.6,144,2670.517124
-0.6,144,2671.307127
-0.2,144,2672.168844
-0.6,144,2672.864023
-0.6,144,2673.526448
-0.2,144,2674.302367
-0.2,144,2675.082434
-0.6,144,2675.7129
-0.6,144,2676.480473
-0.8,144,2677.260457
-1.0,144,2677.988751
-0.2,144,2678.625964
-1.0,144,2679.400231
-0.2,144,2680.177036
-0.2,144,2680.823285
-0.6,144,2681.636611
-0.2,144,2682.430973
-0.2,144,2683.202634
-0.2,144,2683.843558
-0.2,144,2684.637664
-0.2,144,2685.457478
-0.6,144,2686.167126
-0.2,144,2686.832984
-0.2,144,2687.612779
-0.4,144,2688.384552
-0.2,144,2689.014433
-0.2,144,2689.78916
-0.4,144,2690.596606
-0.2,144,2691.330308
-0.2,144,2691.967239
-0.2,144,2692.750833
-0.6,144,2693.538018
-0.6,144,2694.149683
-0.2,144,2694.947752
-0.2,144,2695.75214
-0.6,144,2696.533444
-0.2,144,2697.18212
-0.2,144,2697.973385
-0.2,144,2698.776272
-0.2,144,2699.422152
-0.6,144,2700.231109
-0.2,144,2701.02713
-0.2,144,2701.823542
-0.4,144,2702.466612
-0.2,144,2703.254323
-0.2,144,2704.04354
-0.6,144,2704.725067
-0.8,144,2705.376691
-0.6,144,2706.154607
-0.2,144,2706.922645
-0.2,144,2707.566983
-0.2,144,2708.332706
-0.6,144,2709.11153
-0.2,144,2709.844417
-0.4,144,2710.512288
-0.2,144,2711.317734
-0.2,144,2712.173775
-0.4,144,2712.797993
-0.2,144,2713.592246
-0.6,144,2714.396286
-0.4,144,2715.201529
-0.6,144,2715.84761
-0.2,144,2716.917888
-0.2,144,2717.578827
-0.2,144,2718.219267
-0.2,144,2718.82869
-0.2,144,2719.444782
