tl_id,direction,turn,flow,ratio
J01,东进口,左转,53,0.379769299023957
J01,东进口,直行,46,0.330079858030169
J01,东进口,右转,40,0.290150842945874
J01,西进口,左转,44,0.401565995525727
J01,西进口,直行,28,0.258389261744966
J01,西进口,右转,38,0.340044742729307
J01,北进口,左转,27,0.240520043336945
J01,北进口,直行,58,0.507042253521127
J01,北进口,右转,29,0.252437703141928
J01,南进口,左转,56,0.429791271347249
J01,南进口,直行,39,0.299810246679317
J01,南进口,右转,35,0.270398481973435
J02,东进口,左转,0,0.0
J02,东进口,直行,0,0.0
J02,东进口,右转,0,0.0
J02,西进口,左转,66,0.649509803921569
J02,西进口,直行,0,0.0
J02,西进口,右转,35,0.350490196078431
J02,北进口,左转,0,0.0
J02,北进口,直行,59,0.529346622369878
J02,北进口,右转,53,0.470653377630122
J02,南进口,左转,80,0.619961612284069
J02,南进口,直行,49,0.380038387715931
J02,南进口,右转,0,0.0
J03,东进口,左转,8,0.0806845965770171
J03,东进口,直行,66,0.649144254278729
J03,东进口,右转,27,0.270171149144254
J03,西进口,左转,20,0.179713340683572
J03,西进口,直行,73,0.649393605292172
J03,西进口,右转,19,0.170893054024256
J03,北进口,左转,40,0.452646239554318
J03,北进口,直行,22,0.250696378830084
J03,北进口,右转,26,0.296657381615599
J03,南进口,左转,24,0.280752532561505
J03,南进口,直行,30,0.347322720694645
J03,南进口,右转,32,0.37192474674385
J04,东进口,左转,54,0.48993288590604
J04,东进口,直行,30,0.269574944071588
J04,东进口,右转,26,0.240492170022371
J04,西进口,左转,22,0.240215924426451
J04,西进口,直行,53,0.58029689608637
J04,西进口,右转,16,0.179487179487179
J04,北进口,左转,37,0.349132947976879
J04,北进口,直行,47,0.439306358381503
J04,北进口,右转,22,0.211560693641619
J04,南进口,左转,26,0.230010952902519
J04,南进口,直行,62,0.549835706462212
J04,南进口,右转,25,0.220153340635268
J05,东进口,左转,46,0.5
J05,东进口,直行,46,0.5
J05,东进口,右转,0,0.0
J05,西进口,左转,0,0.0
J05,西进口,直行,77,0.7
J05,西进口,右转,33,0.3
J05,北进口,左转,0,0.0
J05,北进口,直行,0,0.0
J05,北进口,右转,0,0.0
J05,南进口,左转,40,0.400246305418719
J05,南进口,直行,0,0.0
J05,南进口,右转,60,0.599753694581281
J06,东进口,左转,44,0.224181360201511
J06,东进口,直行,105,0.530856423173804
J06,东进口,右转,48,0.25
J06,西进口,左转,12,0.110857142857143
J06,西进口,直行,69,0.630857142857143
J06,西进口,右转,28,0.258285714285714
J06,北进口,左转,44,0.371369294605809
J06,北进口,直行,50,0.41701244813278
J06,北进口,右转,25,0.211618257261411
J06,南进口,左转,30,0.233463035019455
J06,南进口,直行,82,0.65
J06,南进口,右转,15,0.1215953307393
J07,东进口,左转,23,0.198329853862213
J07,东进口,直行,0,0.0
J07,东进口,右转,96,0.801670146137787
J07,西进口,左转,59,0.5
J07,西进口,直行,59,0.5
J07,西进口,右转,0,0.0
J07,北进口,左转,0,0.0
J07,北进口,直行,0,0.0
J07,北进口,右转,0,0.0
J07,南进口,左转,0,0.0
J07,南进口,直行,91,0.702702702702703
J07,南进口,右转,38,0.297297297297297
J08,东进口,左转,34,0.221318144833198
J08,东进口,直行,96,0.627339300244101
J08,东进口,右转,23,0.151342554922701
J08,西进口,左转,32,0.200617283950617
J08,西进口,直行,105,0.64891975308642
J08,西进口,右转,24,0.150462962962963
J08,北进口,左转,29,0.178195488721804
J08,北进口,直行,112,0.673684210526316
J08,北进口,右转,24,0.14812030075188
J08,南进口,左转,30,0.198380566801619
J08,南进口,直行,101,0.655060728744939
J08,南进口,右转,22,0.146558704453441
J09,东进口,左转,21,0.250366032210835
J09,东进口,直行,12,0.150805270863836
J09,东进口,右转,51,0.598828696925329
J09,西进口,左转,27,0.3484375
J09,西进口,直行,12,0.1515625
J09,西进口,右转,40,0.5
J09,北进口,左转,39,0.350779510022272
J09,北进口,直行,61,0.548997772828508
J09,北进口,右转,11,0.10022271714922
J09,南进口,左转,28,0.250272034820457
J09,南进口,直行,51,0.450489662676823
J09,南进口,右转,34,0.29923830250272
J10,东进口,左转,121,0.73955960516325
J10,东进口,直行,42,0.26044039483675
J10,东进口,右转,0,0.0
J10,西进口,左转,0,0.0
J10,西进口,直行,56,0.429389312977099
J10,西进口,右转,74,0.570610687022901
J10,北进口,左转,0,0.0
J10,北进口,直行,0,0.0
J10,北进口,右转,0,0.0
J10,南进口,左转,94,0.610128617363344
J10,南进口,直行,0,0.0
J10,南进口,右转,60,0.389871382636656
J11,东进口,左转,59,0.299936988027725
J11,东进口,直行,79,0.400126023944549
J11,东进口,右转,59,0.299936988027725
J11,西进口,左转,63,0.301953818827709
J11,西进口,直行,86,0.40793368857312
J11,西进口,右转,61,0.290112492599171
J11,北进口,左转,45,0.300411522633745
J11,北进口,直行,61,0.407407407407407
J11,北进口,右转,44,0.292181069958848
J11,南进口,左转,55,0.299796057104011
J11,南进口,直行,75,0.409925220938137
J11,南进口,右转,53,0.290278721957852
J12,东进口,左转,44,0.249475890985325
J12,东进口,直行,98,0.549965059399022
J12,东进口,右转,35,0.200559049615653
J12,西进口,左转,41,0.24980959634425
J12,西进口,直行,90,0.54988575780655
J12,西进口,右转,32,0.2003046458492
J12,北进口,左转,46,0.348555452003728
J12,北进口,直行,60,0.451071761416589
J12,北进口,右转,26,0.200372786579683
J12,南进口,左转,37,0.25
J12,南进口,直行,82,0.550167224080268
J12,南进口,右转,29,0.199832775919732
J13,东进口,左转,0,0.0
J13,东进口,直行,67,0.533333333333333
J13,东进口,右转,58,0.466666666666667
J13,西进口,左转,75,0.642250530785563
J13,西进口,直行,42,0.357749469214437
J13,西进口,右转,0,0.0
J13,北进口,左转,0,0.0
J13,北进口,直行,0,0.0
J13,北进口,右转,0,0.0
J13,南进口,左转,71,0.499122807017544
J13,南进口,直行,0,0.0
J13,南进口,右转,71,0.500877192982456
J14,东进口,左转,57,0.540256709451575
J14,东进口,直行,0,0.0
J14,东进口,右转,49,0.459743290548425
J14,西进口,左转,0,0.0
J14,西进口,直行,0,0.0
J14,西进口,右转,0,0.0
J14,北进口,左转,0,0.0
J14,北进口,直行,59,0.351190476190476
J14,北进口,右转,109,0.648809523809524
J14,南进口,左转,121,0.803319502074689
J14,南进口,直行,29,0.196680497925311
J14,南进口,右转,0,0.0
J15,东进口,左转,54,0.328818660647103
J15,东进口,直行,54,0.330323551542513
J15,东进口,右转,56,0.340857787810384
J15,西进口,左转,49,0.331114808652246
J15,西进口,直行,56,0.377703826955075
J15,西进口,右转,43,0.291181364392679
J15,北进口,左转,71,0.308688613059903
J15,北进口,直行,131,0.566109012412304
J15,北进口,右转,29,0.125202374527793
J15,南进口,左转,42,0.22623828647925
J15,南进口,直行,76,0.410977242302544
J15,南进口,右转,67,0.362784471218206
J16,东进口,左转,69,0.359324236517219
J16,东进口,直行,73,0.382716049382716
J16,东进口,右转,49,0.257959714100065
J16,西进口,左转,57,0.354070660522273
J16,西进口,直行,66,0.410138248847926
J16,西进口,右转,38,0.2357910906298
J16,北进口,左转,53,0.369150779896014
J16,北进口,直行,46,0.324090121317158
J16,北进口,右转,44,0.306759098786828
J16,南进口,左转,46,0.37
J16,南进口,直行,51,0.415245737211635
J16,南进口,右转,26,0.20962888665998
J17,东进口,左转,72,0.558429118773946
J17,东进口,直行,0,0.0
J17,东进口,右转,57,0.441570881226054
J17,西进口,左转,0,0.0
J17,西进口,直行,0,0.0
J17,西进口,右转,0,0.0
J17,北进口,左转,62,0.56
J17,北进口,直行,48,0.437849944008959
J17,北进口,右转,0,0.0
J17,南进口,左转,0,0.0
J17,南进口,直行,39,0.32
J17,南进口,右转,85,0.68
J18,东进口,左转,81,0.41698595146871
J18,东进口,直行,68,0.349936143039591
J18,东进口,右转,45,0.233077905491699
J18,西进口,左转,48,0.392712550607287
J18,西进口,直行,48,0.389676113360324
J18,西进口,右转,26,0.217611336032389
J18,北进口,左转,35,0.2783203125
J18,北进口,直行,52,0.408203125
J18,北进口,右转,40,0.3134765625
J18,南进口,左转,30,0.176727272727273
J18,南进口,直行,79,0.464
J18,南进口,右转,61,0.359272727272727
J19,东进口,左转,32,0.306791569086651
J19,东进口,直行,54,0.511709601873536
J19,东进口,右转,19,0.181498829039813
J19,西进口,左转,28,0.303149606299213
J19,西进口,直行,42,0.442257217847769
J19,西进口,右转,24,0.254593175853018
J19,北进口,左转,32,0.405705229793978
J19,北进口,直行,23,0.299524564183835
J19,北进口,右转,23,0.294770206022187
J19,南进口,左转,41,0.314258911819887
J19,南进口,直行,53,0.400562851782364
J19,南进口,右转,38,0.285178236397749
J20,东进口,左转,14,0.248434237995825
J20,东进口,直行,30,0.503131524008351
J20,东进口,右转,14,0.248434237995825
J20,西进口,左转,11,0.252124645892351
J20,西进口,直行,21,0.495750708215297
J20,西进口,右转,11,0.252124645892351
J20,北进口,左转,22,0.249645390070922
J20,北进口,直行,44,0.500709219858156
J20,北进口,右转,22,0.249645390070922
J20,南进口,左转,34,0.249087591240876
J20,南进口,直行,68,0.501824817518248
J20,南进口,右转,34,0.249087591240876
